-- --------------------------------------------------------
-- Host:                         127.0.0.1
-- Server version:               11.4.10-MariaDB - MariaDB Server
-- Server OS:                    Win64
-- HeidiSQL Version:             12.14.0.7165
-- --------------------------------------------------------

/*!40101 SET @OLD_CHARACTER_SET_CLIENT=@@CHARACTER_SET_CLIENT */;
/*!40101 SET NAMES utf8 */;
/*!50503 SET NAMES utf8mb4 */;
/*!40103 SET @OLD_TIME_ZONE=@@TIME_ZONE */;
/*!40103 SET TIME_ZONE='+00:00' */;
/*!40014 SET @OLD_FOREIGN_KEY_CHECKS=@@FOREIGN_KEY_CHECKS, FOREIGN_KEY_CHECKS=0 */;
/*!40101 SET @OLD_SQL_MODE=@@SQL_MODE, SQL_MODE='NO_AUTO_VALUE_ON_ZERO' */;
/*!40111 SET @OLD_SQL_NOTES=@@SQL_NOTES, SQL_NOTES=0 */;


-- Dumping database structure for leap_db
CREATE DATABASE IF NOT EXISTS `leap_db` /*!40100 DEFAULT CHARACTER SET latin1 COLLATE latin1_swedish_ci */;
USE `leap_db`;

-- Dumping structure for table leap_db.account_groups
CREATE TABLE IF NOT EXISTS `account_groups` (
  `id` bigint(20) unsigned NOT NULL AUTO_INCREMENT,
  `uacs_digit` varchar(1) NOT NULL,
  `name` varchar(255) NOT NULL,
  `normal_balance` enum('debit','credit') NOT NULL,
  `created_at` timestamp NULL DEFAULT NULL,
  `updated_at` timestamp NULL DEFAULT NULL,
  PRIMARY KEY (`id`),
  UNIQUE KEY `account_groups_uacs_digit_unique` (`uacs_digit`)
) ENGINE=InnoDB AUTO_INCREMENT=6 DEFAULT CHARSET=utf8mb4 COLLATE=utf8mb4_unicode_ci;

-- Dumping data for table leap_db.account_groups: ~5 rows (approximately)
INSERT INTO `account_groups` (`id`, `uacs_digit`, `name`, `normal_balance`, `created_at`, `updated_at`) VALUES
	(1, '1', 'Assets', 'debit', '2026-04-13 01:18:36', '2026-04-13 01:18:36'),
	(2, '2', 'Liabilities', 'credit', '2026-04-13 01:18:36', '2026-04-13 01:18:36'),
	(3, '3', 'Equity', 'credit', '2026-04-13 01:18:36', '2026-04-13 01:18:36'),
	(4, '4', 'Income', 'credit', '2026-04-13 01:18:36', '2026-04-13 01:18:36'),
	(5, '5', 'Expenses', 'debit', '2026-04-13 01:18:36', '2026-04-13 01:18:36');

-- Dumping structure for table leap_db.aip_entries
CREATE TABLE IF NOT EXISTS `aip_entries` (
  `id` bigint(20) unsigned NOT NULL AUTO_INCREMENT,
  `fiscal_year_id` bigint(20) unsigned NOT NULL,
  `ppa_id` bigint(20) unsigned NOT NULL,
  `start_date` date DEFAULT NULL,
  `end_date` date DEFAULT NULL,
  `expected_output` text DEFAULT NULL,
  `created_at` timestamp NULL DEFAULT NULL,
  `updated_at` timestamp NULL DEFAULT NULL,
  PRIMARY KEY (`id`),
  KEY `aip_entries_fiscal_year_id_foreign` (`fiscal_year_id`),
  KEY `aip_entries_ppa_id_foreign` (`ppa_id`),
  CONSTRAINT `aip_entries_fiscal_year_id_foreign` FOREIGN KEY (`fiscal_year_id`) REFERENCES `fiscal_years` (`id`),
  CONSTRAINT `aip_entries_ppa_id_foreign` FOREIGN KEY (`ppa_id`) REFERENCES `ppas` (`id`) ON DELETE CASCADE
) ENGINE=InnoDB AUTO_INCREMENT=79 DEFAULT CHARSET=utf8mb4 COLLATE=utf8mb4_unicode_ci;

-- Dumping data for table leap_db.aip_entries: ~78 rows (approximately)
INSERT INTO `aip_entries` (`id`, `fiscal_year_id`, `ppa_id`, `start_date`, `end_date`, `expected_output`, `created_at`, `updated_at`) VALUES
	(1, 1, 1, '2023-01-01', '2023-12-31', 'Successfully implemented  with 100% utilization rate.', '2026-04-13 01:18:30', '2026-04-13 01:18:30'),
	(2, 1, 2, '2023-01-01', '2023-12-31', 'Successfully implemented  with 100% utilization rate.', '2026-04-13 01:18:30', '2026-04-13 01:18:30'),
	(3, 1, 3, '2023-01-01', '2023-12-31', 'Successfully implemented  with 100% utilization rate.', '2026-04-13 01:18:30', '2026-04-13 01:18:30'),
	(4, 1, 4, '2023-01-01', '2023-12-31', 'Successfully implemented  with 100% utilization rate.', '2026-04-13 01:18:30', '2026-04-13 01:18:30'),
	(5, 1, 5, '2023-01-01', '2023-12-31', 'Successfully implemented  with 100% utilization rate.', '2026-04-13 01:18:30', '2026-04-13 01:18:30'),
	(6, 1, 6, '2023-01-01', '2023-12-31', 'Successfully implemented  with 100% utilization rate.', '2026-04-13 01:18:30', '2026-04-13 01:18:30'),
	(7, 1, 7, '2023-01-01', '2023-12-31', 'Successfully implemented  with 100% utilization rate.', '2026-04-13 01:18:30', '2026-04-13 01:18:30'),
	(8, 1, 8, '2023-01-01', '2023-12-31', 'Successfully implemented  with 100% utilization rate.', '2026-04-13 01:18:30', '2026-04-13 01:18:30'),
	(9, 1, 9, '2023-01-01', '2023-12-31', 'Successfully implemented  with 100% utilization rate.', '2026-04-13 01:18:30', '2026-04-13 01:18:30'),
	(10, 1, 10, '2023-01-01', '2023-12-31', 'Successfully implemented  with 100% utilization rate.', '2026-04-13 01:18:30', '2026-04-13 01:18:30'),
	(11, 1, 11, '2023-01-01', '2023-12-31', 'Successfully implemented  with 100% utilization rate.', '2026-04-13 01:18:30', '2026-04-13 01:18:30'),
	(12, 1, 12, '2023-01-01', '2023-12-31', 'Successfully implemented  with 100% utilization rate.', '2026-04-13 01:18:30', '2026-04-13 01:18:30'),
	(13, 1, 13, '2023-01-01', '2023-12-31', 'Successfully implemented  with 100% utilization rate.', '2026-04-13 01:18:30', '2026-04-13 01:18:30'),
	(14, 1, 14, '2023-01-01', '2023-12-31', 'Successfully implemented  with 100% utilization rate.', '2026-04-13 01:18:30', '2026-04-13 01:18:30'),
	(15, 1, 15, '2023-01-01', '2023-12-31', 'Successfully implemented  with 100% utilization rate.', '2026-04-13 01:18:30', '2026-04-13 01:18:30'),
	(16, 1, 16, '2023-01-01', '2023-12-31', 'Successfully implemented  with 100% utilization rate.', '2026-04-13 01:18:30', '2026-04-13 01:18:30'),
	(17, 1, 17, '2023-01-01', '2023-12-31', 'Successfully implemented  with 100% utilization rate.', '2026-04-13 01:18:30', '2026-04-13 01:18:30'),
	(18, 1, 18, '2023-01-01', '2023-12-31', 'Successfully implemented  with 100% utilization rate.', '2026-04-13 01:18:30', '2026-04-13 01:18:30'),
	(19, 1, 19, '2023-01-01', '2023-12-31', 'Successfully implemented  with 100% utilization rate.', '2026-04-13 01:18:30', '2026-04-13 01:18:30'),
	(20, 1, 20, '2023-01-01', '2023-12-31', 'Successfully implemented  with 100% utilization rate.', '2026-04-13 01:18:30', '2026-04-13 01:18:30'),
	(21, 1, 21, '2023-01-01', '2023-12-31', 'Successfully implemented  with 100% utilization rate.', '2026-04-13 01:18:30', '2026-04-13 01:18:30'),
	(22, 1, 22, '2023-01-01', '2023-12-31', 'Successfully implemented  with 100% utilization rate.', '2026-04-13 01:18:30', '2026-04-13 01:18:30'),
	(23, 1, 23, '2023-01-01', '2023-12-31', 'Successfully implemented  with 100% utilization rate.', '2026-04-13 01:18:30', '2026-04-13 01:18:30'),
	(24, 1, 24, '2023-01-01', '2023-12-31', 'Successfully implemented  with 100% utilization rate.', '2026-04-13 01:18:30', '2026-04-13 01:18:30'),
	(25, 1, 25, '2023-01-01', '2023-12-31', 'Successfully implemented  with 100% utilization rate.', '2026-04-13 01:18:30', '2026-04-13 01:18:30'),
	(26, 1, 26, '2023-01-01', '2023-12-31', 'Successfully implemented  with 100% utilization rate.', '2026-04-13 01:18:30', '2026-04-13 01:18:30'),
	(27, 1, 27, '2023-01-01', '2023-12-31', 'Successfully implemented  with 100% utilization rate.', '2026-04-13 01:18:30', '2026-04-13 01:18:30'),
	(28, 1, 28, '2023-01-01', '2023-12-31', 'Successfully implemented  with 100% utilization rate.', '2026-04-13 01:18:30', '2026-04-13 01:18:30'),
	(29, 1, 29, '2023-01-01', '2023-12-31', 'Successfully implemented  with 100% utilization rate.', '2026-04-13 01:18:30', '2026-04-13 01:18:30'),
	(30, 1, 30, '2023-01-01', '2023-12-31', 'Successfully implemented  with 100% utilization rate.', '2026-04-13 01:18:30', '2026-04-13 01:18:30'),
	(31, 1, 31, '2023-01-01', '2023-12-31', 'Successfully implemented  with 100% utilization rate.', '2026-04-13 01:18:30', '2026-04-13 01:18:30'),
	(32, 1, 32, '2023-01-01', '2023-12-31', 'Successfully implemented  with 100% utilization rate.', '2026-04-13 01:18:30', '2026-04-13 01:18:30'),
	(33, 1, 33, '2023-01-01', '2023-12-31', 'Successfully implemented  with 100% utilization rate.', '2026-04-13 01:18:30', '2026-04-13 01:18:30'),
	(34, 1, 34, '2023-01-01', '2023-12-31', 'Successfully implemented  with 100% utilization rate.', '2026-04-13 01:18:30', '2026-04-13 01:18:30'),
	(35, 1, 35, '2023-01-01', '2023-12-31', 'Successfully implemented  with 100% utilization rate.', '2026-04-13 01:18:30', '2026-04-13 01:18:30'),
	(36, 1, 36, '2023-01-01', '2023-12-31', 'Successfully implemented  with 100% utilization rate.', '2026-04-13 01:18:30', '2026-04-13 01:18:30'),
	(37, 1, 37, '2023-01-01', '2023-12-31', 'Successfully implemented  with 100% utilization rate.', '2026-04-13 01:18:30', '2026-04-13 01:18:30'),
	(38, 1, 38, '2023-01-01', '2023-12-31', 'Successfully implemented  with 100% utilization rate.', '2026-04-13 01:18:30', '2026-04-13 01:18:30'),
	(39, 1, 39, '2023-01-01', '2023-12-31', 'Successfully implemented  with 100% utilization rate.', '2026-04-13 01:18:30', '2026-04-13 01:18:30'),
	(40, 1, 40, '2023-01-01', '2023-12-31', 'Successfully implemented  with 100% utilization rate.', '2026-04-13 01:18:30', '2026-04-13 01:18:30'),
	(41, 1, 41, '2023-01-01', '2023-12-31', 'Successfully implemented  with 100% utilization rate.', '2026-04-13 01:18:30', '2026-04-13 01:18:30'),
	(42, 1, 42, '2023-01-01', '2023-12-31', 'Successfully implemented  with 100% utilization rate.', '2026-04-13 01:18:30', '2026-04-13 01:18:30'),
	(43, 1, 43, '2023-01-01', '2023-12-31', 'Successfully implemented  with 100% utilization rate.', '2026-04-13 01:18:30', '2026-04-13 01:18:30'),
	(44, 1, 44, '2023-01-01', '2023-12-31', 'Successfully implemented  with 100% utilization rate.', '2026-04-13 01:18:30', '2026-04-13 01:18:30'),
	(45, 1, 45, '2023-01-01', '2023-12-31', 'Successfully implemented  with 100% utilization rate.', '2026-04-13 01:18:30', '2026-04-13 01:18:30'),
	(46, 1, 46, '2023-01-01', '2023-12-31', 'Successfully implemented  with 100% utilization rate.', '2026-04-13 01:18:30', '2026-04-13 01:18:30'),
	(47, 1, 47, '2023-01-01', '2023-12-31', 'Successfully implemented  with 100% utilization rate.', '2026-04-13 01:18:30', '2026-04-13 01:18:30'),
	(48, 1, 48, '2023-01-01', '2023-12-31', 'Successfully implemented  with 100% utilization rate.', '2026-04-13 01:18:30', '2026-04-13 01:18:30'),
	(49, 1, 49, '2023-01-01', '2023-12-31', 'Successfully implemented  with 100% utilization rate.', '2026-04-13 01:18:30', '2026-04-13 01:18:30'),
	(50, 1, 50, '2023-01-01', '2023-12-31', 'Successfully implemented  with 100% utilization rate.', '2026-04-13 01:18:30', '2026-04-13 01:18:30'),
	(51, 1, 51, '2023-01-01', '2023-12-31', 'Successfully implemented  with 100% utilization rate.', '2026-04-13 01:18:30', '2026-04-13 01:18:30'),
	(52, 1, 52, '2023-01-01', '2023-12-31', 'Successfully implemented  with 100% utilization rate.', '2026-04-13 01:18:30', '2026-04-13 01:18:30'),
	(53, 1, 53, '2023-01-01', '2023-12-31', 'Successfully implemented  with 100% utilization rate.', '2026-04-13 01:18:30', '2026-04-13 01:18:30'),
	(54, 1, 54, '2023-01-01', '2023-12-31', 'Successfully implemented  with 100% utilization rate.', '2026-04-13 01:18:30', '2026-04-13 01:18:30'),
	(55, 1, 55, '2023-01-01', '2023-12-31', 'Successfully implemented  with 100% utilization rate.', '2026-04-13 01:18:30', '2026-04-13 01:18:30'),
	(56, 1, 56, '2023-01-01', '2023-12-31', 'Successfully implemented  with 100% utilization rate.', '2026-04-13 01:18:30', '2026-04-13 01:18:30'),
	(57, 1, 57, '2023-01-01', '2023-12-31', 'Successfully implemented  with 100% utilization rate.', '2026-04-13 01:18:30', '2026-04-13 01:18:30'),
	(58, 1, 58, '2023-01-01', '2023-12-31', 'Successfully implemented  with 100% utilization rate.', '2026-04-13 01:18:30', '2026-04-13 01:18:30'),
	(59, 1, 59, '2023-01-01', '2023-12-31', 'Successfully implemented  with 100% utilization rate.', '2026-04-13 01:18:30', '2026-04-13 01:18:30'),
	(60, 1, 60, '2023-01-01', '2023-12-31', 'Successfully implemented  with 100% utilization rate.', '2026-04-13 01:18:30', '2026-04-13 01:18:30'),
	(61, 1, 61, '2023-01-01', '2023-12-31', 'Successfully implemented  with 100% utilization rate.', '2026-04-13 01:18:30', '2026-04-13 01:18:30'),
	(62, 1, 62, '2023-01-01', '2023-12-31', 'Successfully implemented  with 100% utilization rate.', '2026-04-13 01:18:30', '2026-04-13 01:18:30'),
	(63, 1, 63, '2023-01-01', '2023-12-31', 'Successfully implemented  with 100% utilization rate.', '2026-04-13 01:18:30', '2026-04-13 01:18:30'),
	(64, 1, 64, '2023-01-01', '2023-12-31', 'Successfully implemented  with 100% utilization rate.', '2026-04-13 01:18:30', '2026-04-13 01:18:30'),
	(65, 1, 65, '2023-01-01', '2023-12-31', 'Successfully implemented  with 100% utilization rate.', '2026-04-13 01:18:30', '2026-04-13 01:18:30'),
	(66, 1, 66, '2023-01-01', '2023-12-31', 'Successfully implemented  with 100% utilization rate.', '2026-04-13 01:18:30', '2026-04-13 01:18:30'),
	(67, 1, 67, '2023-01-01', '2023-12-31', 'Successfully implemented  with 100% utilization rate.', '2026-04-13 01:18:30', '2026-04-13 01:18:30'),
	(68, 1, 68, '2023-01-01', '2023-12-31', 'Successfully implemented  with 100% utilization rate.', '2026-04-13 01:18:30', '2026-04-13 01:18:30'),
	(69, 1, 69, '2023-01-01', '2023-12-31', 'Successfully implemented  with 100% utilization rate.', '2026-04-13 01:18:30', '2026-04-13 01:18:30'),
	(70, 1, 70, '2023-01-01', '2023-12-31', 'Successfully implemented  with 100% utilization rate.', '2026-04-13 01:18:30', '2026-04-13 01:18:30'),
	(71, 1, 71, '2023-01-01', '2023-12-31', 'Successfully implemented  with 100% utilization rate.', '2026-04-13 01:18:30', '2026-04-13 01:18:30'),
	(72, 1, 72, '2023-01-01', '2023-12-31', 'Successfully implemented  with 100% utilization rate.', '2026-04-13 01:18:30', '2026-04-13 01:18:30'),
	(73, 1, 73, '2023-01-01', '2023-12-31', 'Successfully implemented  with 100% utilization rate.', '2026-04-13 01:18:30', '2026-04-13 01:18:30'),
	(74, 1, 74, '2023-01-01', '2023-12-31', 'Successfully implemented  with 100% utilization rate.', '2026-04-13 01:18:30', '2026-04-13 01:18:30'),
	(75, 1, 75, '2023-01-01', '2023-12-31', 'Successfully implemented  with 100% utilization rate.', '2026-04-13 01:18:30', '2026-04-13 01:18:30'),
	(76, 1, 76, '2023-01-01', '2023-12-31', 'Successfully implemented  with 100% utilization rate.', '2026-04-13 01:18:30', '2026-04-13 01:18:30'),
	(77, 1, 77, '2023-01-01', '2023-12-31', 'Successfully implemented  with 100% utilization rate.', '2026-04-13 01:18:30', '2026-04-13 01:18:30'),
	(78, 1, 78, '2023-01-01', '2023-12-31', 'Successfully implemented  with 100% utilization rate.', '2026-04-13 01:18:30', '2026-04-13 01:18:30');

-- Dumping structure for table leap_db.allotment_classes
CREATE TABLE IF NOT EXISTS `allotment_classes` (
  `id` bigint(20) unsigned NOT NULL AUTO_INCREMENT,
  `code` varchar(10) NOT NULL,
  `name` varchar(255) NOT NULL,
  `created_at` timestamp NULL DEFAULT NULL,
  `updated_at` timestamp NULL DEFAULT NULL,
  PRIMARY KEY (`id`),
  UNIQUE KEY `allotment_classes_code_unique` (`code`)
) ENGINE=InnoDB AUTO_INCREMENT=6 DEFAULT CHARSET=utf8mb4 COLLATE=utf8mb4_unicode_ci;

-- Dumping data for table leap_db.allotment_classes: ~5 rows (approximately)
INSERT INTO `allotment_classes` (`id`, `code`, `name`, `created_at`, `updated_at`) VALUES
	(1, 'PS', 'Personal Services', '2026-04-13 01:18:36', '2026-04-13 01:18:36'),
	(2, 'MOOE', 'Maintenance & Other Operating Expenses', '2026-04-13 01:18:36', '2026-04-13 01:18:36'),
	(3, 'FE', 'Financial Expenses', '2026-04-13 01:18:36', '2026-04-13 01:18:36'),
	(4, 'CO', 'Capital Outlay', '2026-04-13 01:18:36', '2026-04-13 01:18:36'),
	(5, 'INC', 'Income Sources', '2026-04-13 01:18:36', '2026-04-13 01:18:36');

-- Dumping structure for table leap_db.cache
CREATE TABLE IF NOT EXISTS `cache` (
  `key` varchar(255) NOT NULL,
  `value` mediumtext NOT NULL,
  `expiration` int(11) NOT NULL,
  PRIMARY KEY (`key`)
) ENGINE=InnoDB DEFAULT CHARSET=utf8mb4 COLLATE=utf8mb4_unicode_ci;

-- Dumping data for table leap_db.cache: ~0 rows (approximately)

-- Dumping structure for table leap_db.cache_locks
CREATE TABLE IF NOT EXISTS `cache_locks` (
  `key` varchar(255) NOT NULL,
  `owner` varchar(255) NOT NULL,
  `expiration` int(11) NOT NULL,
  PRIMARY KEY (`key`)
) ENGINE=InnoDB DEFAULT CHARSET=utf8mb4 COLLATE=utf8mb4_unicode_ci;

-- Dumping data for table leap_db.cache_locks: ~0 rows (approximately)

-- Dumping structure for table leap_db.chart_of_accounts
CREATE TABLE IF NOT EXISTS `chart_of_accounts` (
  `id` bigint(20) unsigned NOT NULL AUTO_INCREMENT,
  `account_number` varchar(255) NOT NULL,
  `account_title` varchar(255) NOT NULL,
  `account_type` enum('ASSET','LIABILITY','EQUITY','REVENUE','EXPENSE') NOT NULL,
  `expense_class` enum('PS','MOOE','FE','CO') NOT NULL,
  `account_series` varchar(255) DEFAULT NULL,
  `parent_id` bigint(20) unsigned DEFAULT NULL,
  `level` tinyint(4) NOT NULL DEFAULT 1,
  `is_postable` tinyint(1) NOT NULL DEFAULT 1,
  `is_active` tinyint(1) NOT NULL DEFAULT 1,
  `normal_balance` enum('DEBIT','CREDIT') NOT NULL,
  `description` text DEFAULT NULL,
  `created_at` timestamp NULL DEFAULT NULL,
  `updated_at` timestamp NULL DEFAULT NULL,
  PRIMARY KEY (`id`),
  UNIQUE KEY `chart_of_accounts_account_number_unique` (`account_number`),
  KEY `chart_of_accounts_parent_id_foreign` (`parent_id`),
  CONSTRAINT `chart_of_accounts_parent_id_foreign` FOREIGN KEY (`parent_id`) REFERENCES `chart_of_accounts` (`id`) ON DELETE SET NULL ON UPDATE CASCADE
) ENGINE=InnoDB AUTO_INCREMENT=152 DEFAULT CHARSET=utf8mb4 COLLATE=utf8mb4_unicode_ci;

-- Dumping data for table leap_db.chart_of_accounts: ~151 rows (approximately)
INSERT INTO `chart_of_accounts` (`id`, `account_number`, `account_title`, `account_type`, `expense_class`, `account_series`, `parent_id`, `level`, `is_postable`, `is_active`, `normal_balance`, `description`, `created_at`, `updated_at`) VALUES
	(1, '5-01-01-010', 'Salaries and Wages - Regular', 'EXPENSE', 'PS', NULL, NULL, 0, 1, 1, 'DEBIT', 'Salaries and Wages - Regular', '2026-04-13 01:18:28', '2026-04-13 01:18:28'),
	(2, '5-01-01-020', 'Salaries and Wages - Casual/Contractual', 'EXPENSE', 'PS', NULL, NULL, 0, 1, 1, 'DEBIT', 'Salaries and Wages - Casual/Contractual', '2026-04-13 01:18:28', '2026-04-13 01:18:28'),
	(3, '5-01-02-010', 'PERA', 'EXPENSE', 'PS', NULL, NULL, 0, 1, 1, 'DEBIT', 'PERA', '2026-04-13 01:18:28', '2026-04-13 01:18:28'),
	(4, '5-01-02-020', 'RA', 'EXPENSE', 'PS', NULL, NULL, 0, 1, 1, 'DEBIT', 'RA', '2026-04-13 01:18:28', '2026-04-13 01:18:28'),
	(5, '5-01-02-030', 'TA', 'EXPENSE', 'PS', NULL, NULL, 0, 1, 1, 'DEBIT', 'TA', '2026-04-13 01:18:28', '2026-04-13 01:18:28'),
	(6, '5-01-02-040', 'Clothing Allowance', 'EXPENSE', 'PS', NULL, NULL, 0, 1, 1, 'DEBIT', 'Clothing Allowance', '2026-04-13 01:18:28', '2026-04-13 01:18:28'),
	(7, '5-01-02-050', 'Subsistence Allowance', 'EXPENSE', 'PS', NULL, NULL, 0, 1, 1, 'DEBIT', 'Subsistence Allowance', '2026-04-13 01:18:28', '2026-04-13 01:18:28'),
	(8, '5-01-02-060', 'Laundry Allowance', 'EXPENSE', 'PS', NULL, NULL, 0, 1, 1, 'DEBIT', 'Laundry Allowance', '2026-04-13 01:18:28', '2026-04-13 01:18:28'),
	(9, '5-01-02-070', 'Quarters Allowance', 'EXPENSE', 'PS', NULL, NULL, 0, 1, 1, 'DEBIT', 'Quarters Allowance', '2026-04-13 01:18:28', '2026-04-13 01:18:28'),
	(10, '5-01-02-080', 'Productivity Incentive Allowance (PEI)', 'EXPENSE', 'PS', NULL, NULL, 0, 1, 1, 'DEBIT', 'Productivity Incentive Allowance (PEI)', '2026-04-13 01:18:28', '2026-04-13 01:18:28'),
	(11, '5-01-02-090', 'Overseas Allowance', 'EXPENSE', 'PS', NULL, NULL, 0, 1, 1, 'DEBIT', 'Overseas Allowance', '2026-04-13 01:18:28', '2026-04-13 01:18:28'),
	(12, '5-01-02-100', 'Honoraria', 'EXPENSE', 'PS', NULL, NULL, 0, 1, 1, 'DEBIT', 'Honoraria', '2026-04-13 01:18:28', '2026-04-13 01:18:28'),
	(13, '5-01-02-110', 'Hazard Pay', 'EXPENSE', 'PS', NULL, NULL, 0, 1, 1, 'DEBIT', 'Hazard Pay', '2026-04-13 01:18:28', '2026-04-13 01:18:28'),
	(14, '5-01-02-120', 'Longevity Pay', 'EXPENSE', 'PS', NULL, NULL, 0, 1, 1, 'DEBIT', 'Longevity Pay', '2026-04-13 01:18:28', '2026-04-13 01:18:28'),
	(15, '5-01-02-130', 'Overtime and Night Pay', 'EXPENSE', 'PS', NULL, NULL, 0, 1, 1, 'DEBIT', 'Overtime and Night Pay', '2026-04-13 01:18:28', '2026-04-13 01:18:28'),
	(16, '5-01-02-140', 'Year End Bonus', 'EXPENSE', 'PS', NULL, NULL, 0, 1, 1, 'DEBIT', 'Year End Bonus', '2026-04-13 01:18:28', '2026-04-13 01:18:28'),
	(17, '5-01-02-150', 'Cash Gift', 'EXPENSE', 'PS', NULL, NULL, 0, 1, 1, 'DEBIT', 'Cash Gift', '2026-04-13 01:18:28', '2026-04-13 01:18:28'),
	(18, '5-01-02-990', 'Other Bonuses and Allowances', 'EXPENSE', 'PS', NULL, NULL, 0, 1, 1, 'DEBIT', 'Other Bonuses and Allowances', '2026-04-13 01:18:28', '2026-04-13 01:18:28'),
	(19, '5-01-03-010', 'Retirement & Life Insurance Contributions', 'EXPENSE', 'PS', NULL, NULL, 0, 1, 1, 'DEBIT', 'Retirement & Life Insurance Contributions', '2026-04-13 01:18:28', '2026-04-13 01:18:28'),
	(20, '5-01-03-020', 'Pag-ibig Contributions', 'EXPENSE', 'PS', NULL, NULL, 0, 1, 1, 'DEBIT', 'Pag-ibig Contributions', '2026-04-13 01:18:28', '2026-04-13 01:18:28'),
	(21, '5-01-03-030', 'Philhealth Contributions', 'EXPENSE', 'PS', NULL, NULL, 0, 1, 1, 'DEBIT', 'Philhealth Contributions', '2026-04-13 01:18:28', '2026-04-13 01:18:28'),
	(22, '5-01-03-040', 'Employees Compensation Insurance Premiums', 'EXPENSE', 'PS', NULL, NULL, 0, 1, 1, 'DEBIT', 'Employees Compensation Insurance Premiums', '2026-04-13 01:18:29', '2026-04-13 01:18:29'),
	(23, '5-01-03-050', 'Provident/Welfare Fund Contribution', 'EXPENSE', 'PS', NULL, NULL, 0, 1, 1, 'DEBIT', 'Provident/Welfare Fund Contribution', '2026-04-13 01:18:29', '2026-04-13 01:18:29'),
	(24, '5-01-04-010', 'Pension Benefits', 'EXPENSE', 'PS', NULL, NULL, 0, 1, 1, 'DEBIT', 'Pension Benefits', '2026-04-13 01:18:29', '2026-04-13 01:18:29'),
	(25, '5-01-04-020', 'Retirement Gratuity', 'EXPENSE', 'PS', NULL, NULL, 0, 1, 1, 'DEBIT', 'Retirement Gratuity', '2026-04-13 01:18:29', '2026-04-13 01:18:29'),
	(26, '5-01-04-030', 'Terminal Leave Benefits', 'EXPENSE', 'PS', NULL, NULL, 0, 1, 1, 'DEBIT', 'Terminal Leave Benefits', '2026-04-13 01:18:29', '2026-04-13 01:18:29'),
	(27, '5-01-04-990', 'Other Personnel Benefits ', 'EXPENSE', 'PS', NULL, NULL, 0, 1, 1, 'DEBIT', 'Other Personnel Benefits ', '2026-04-13 01:18:29', '2026-04-13 01:18:29'),
	(28, '5-02-01-010', 'Traveling Expenses - Local', 'EXPENSE', 'MOOE', NULL, NULL, 0, 1, 1, 'DEBIT', 'Traveling Expenses - Local', '2026-04-13 01:18:29', '2026-04-13 01:18:29'),
	(29, '5-02-01-020', 'Traveling Expenses - Foreign', 'EXPENSE', 'MOOE', NULL, NULL, 0, 1, 1, 'DEBIT', 'Traveling Expenses - Foreign', '2026-04-13 01:18:29', '2026-04-13 01:18:29'),
	(30, '5-02-02-010', 'Training Expenses', 'EXPENSE', 'MOOE', NULL, NULL, 0, 1, 1, 'DEBIT', 'Training Expenses', '2026-04-13 01:18:29', '2026-04-13 01:18:29'),
	(31, '5-02-02-020', 'Scholarship Grants/Expenses', 'EXPENSE', 'MOOE', NULL, NULL, 0, 1, 1, 'DEBIT', 'Scholarship Grants/Expenses', '2026-04-13 01:18:29', '2026-04-13 01:18:29'),
	(32, '5-02-03-010', 'Office Supplies Expenses', 'EXPENSE', 'MOOE', NULL, NULL, 0, 1, 1, 'DEBIT', 'Office Supplies Expenses', '2026-04-13 01:18:29', '2026-04-13 01:18:29'),
	(33, '5-02-03-020', 'Accountable Forms Expenses', 'EXPENSE', 'MOOE', NULL, NULL, 0, 1, 1, 'DEBIT', 'Accountable Forms Expenses', '2026-04-13 01:18:29', '2026-04-13 01:18:29'),
	(34, '5-02-03-030', 'Non-Accountable Forms Expenses', 'EXPENSE', 'MOOE', NULL, NULL, 0, 1, 1, 'DEBIT', 'Non-Accountable Forms Expenses', '2026-04-13 01:18:29', '2026-04-13 01:18:29'),
	(35, '5-02-03-040', 'Animal/Zoological Supplies Expenses', 'EXPENSE', 'MOOE', NULL, NULL, 0, 1, 1, 'DEBIT', 'Animal/Zoological Supplies Expenses', '2026-04-13 01:18:29', '2026-04-13 01:18:29'),
	(36, '5-02-03-050', 'Food Supplies Expenses', 'EXPENSE', 'MOOE', NULL, NULL, 0, 1, 1, 'DEBIT', 'Food Supplies Expenses', '2026-04-13 01:18:29', '2026-04-13 01:18:29'),
	(37, '5-02-03-060', 'Welfare Goods Expenses', 'EXPENSE', 'MOOE', NULL, NULL, 0, 1, 1, 'DEBIT', 'Welfare Goods Expenses', '2026-04-13 01:18:29', '2026-04-13 01:18:29'),
	(38, '5-02-03-070', 'Drugs and Medicines Expenses', 'EXPENSE', 'MOOE', NULL, NULL, 0, 1, 1, 'DEBIT', 'Drugs and Medicines Expenses', '2026-04-13 01:18:29', '2026-04-13 01:18:29'),
	(39, '5-02-03-080', 'Medical, Dental and Laboratory Supplies Expenses', 'EXPENSE', 'MOOE', NULL, NULL, 0, 1, 1, 'DEBIT', 'Medical, Dental and Laboratory Supplies Expenses', '2026-04-13 01:18:29', '2026-04-13 01:18:29'),
	(40, '5-02-03-090', 'Fuel, Oil and Lubricants Expenses', 'EXPENSE', 'MOOE', NULL, NULL, 0, 1, 1, 'DEBIT', 'Fuel, Oil and Lubricants Expenses', '2026-04-13 01:18:29', '2026-04-13 01:18:29'),
	(41, '5-02-03-100', 'Agricultural and Marine Supplies Expenses', 'EXPENSE', 'MOOE', NULL, NULL, 0, 1, 1, 'DEBIT', 'Agricultural and Marine Supplies Expenses', '2026-04-13 01:18:29', '2026-04-13 01:18:29'),
	(42, '5-02-03-110', 'Textbooks and Instructional Materials Expenses', 'EXPENSE', 'MOOE', NULL, NULL, 0, 1, 1, 'DEBIT', 'Textbooks and Instructional Materials Expenses', '2026-04-13 01:18:29', '2026-04-13 01:18:29'),
	(43, '5-02-03-120', 'Military, Police and Traffic Supplies Expenses', 'EXPENSE', 'MOOE', NULL, NULL, 0, 1, 1, 'DEBIT', 'Military, Police and Traffic Supplies Expenses', '2026-04-13 01:18:29', '2026-04-13 01:18:29'),
	(44, '5-02-03-130', 'Chemical and Filtering Supplies Expenses', 'EXPENSE', 'MOOE', NULL, NULL, 0, 1, 1, 'DEBIT', 'Chemical and Filtering Supplies Expenses', '2026-04-13 01:18:29', '2026-04-13 01:18:29'),
	(45, '5-02-03-210', 'Semi-Expendable Machinery and Equipment Expenses', 'EXPENSE', 'MOOE', NULL, NULL, 0, 1, 1, 'DEBIT', 'Semi-Expendable Machinery and Equipment Expenses', '2026-04-13 01:18:29', '2026-04-13 01:18:29'),
	(46, '5-02-03-220', 'Semi-Expendable Furniture, Fixtures and Books Expenses', 'EXPENSE', 'MOOE', NULL, NULL, 0, 1, 1, 'DEBIT', 'Semi-Expendable Furniture, Fixtures and Books Expenses', '2026-04-13 01:18:29', '2026-04-13 01:18:29'),
	(47, '5-02-03-990', 'Other Supplies and Materials Expenses', 'EXPENSE', 'MOOE', NULL, NULL, 0, 1, 1, 'DEBIT', 'Other Supplies and Materials Expenses', '2026-04-13 01:18:29', '2026-04-13 01:18:29'),
	(48, '5-02-04-010', 'Water Expenses', 'EXPENSE', 'MOOE', NULL, NULL, 0, 1, 1, 'DEBIT', 'Water Expenses', '2026-04-13 01:18:29', '2026-04-13 01:18:29'),
	(49, '5-02-04-020', 'Electricity Expenses', 'EXPENSE', 'MOOE', NULL, NULL, 0, 1, 1, 'DEBIT', 'Electricity Expenses', '2026-04-13 01:18:29', '2026-04-13 01:18:29'),
	(50, '5-02-05-010', 'Postage and Courier Services', 'EXPENSE', 'MOOE', NULL, NULL, 0, 1, 1, 'DEBIT', 'Postage and Courier Services', '2026-04-13 01:18:29', '2026-04-13 01:18:29'),
	(51, '5-02-05-020', 'Telephone Expenses', 'EXPENSE', 'MOOE', NULL, NULL, 0, 1, 1, 'DEBIT', 'Telephone Expenses', '2026-04-13 01:18:29', '2026-04-13 01:18:29'),
	(52, '5-02-05-030', 'Internet Subscription Expenses', 'EXPENSE', 'MOOE', NULL, NULL, 0, 1, 1, 'DEBIT', 'Internet Subscription Expenses', '2026-04-13 01:18:29', '2026-04-13 01:18:29'),
	(53, '5-02-05-040', 'Cable, Satellite, Telegraph and Radio Expenses', 'EXPENSE', 'MOOE', NULL, NULL, 0, 1, 1, 'DEBIT', 'Cable, Satellite, Telegraph and Radio Expenses', '2026-04-13 01:18:29', '2026-04-13 01:18:29'),
	(54, '5-02-06-010', 'Awards and Rewards Expenses', 'EXPENSE', 'MOOE', NULL, NULL, 0, 1, 1, 'DEBIT', 'Awards and Rewards Expenses', '2026-04-13 01:18:29', '2026-04-13 01:18:29'),
	(55, '5-02-06-020', 'Prizes', 'EXPENSE', 'MOOE', NULL, NULL, 0, 1, 1, 'DEBIT', 'Prizes', '2026-04-13 01:18:29', '2026-04-13 01:18:29'),
	(56, '5-02-07-010', 'Survey Expenses', 'EXPENSE', 'MOOE', NULL, NULL, 0, 1, 1, 'DEBIT', 'Survey Expenses', '2026-04-13 01:18:29', '2026-04-13 01:18:29'),
	(57, '5-02-07-020', 'Research, Exploration and Development Expense', 'EXPENSE', 'MOOE', NULL, NULL, 0, 1, 1, 'DEBIT', 'Research, Exploration and Development Expense', '2026-04-13 01:18:29', '2026-04-13 01:18:29'),
	(58, '5-02-08-010', 'Demolition and Relocation Expenses', 'EXPENSE', 'MOOE', NULL, NULL, 0, 1, 1, 'DEBIT', 'Demolition and Relocation Expenses', '2026-04-13 01:18:29', '2026-04-13 01:18:29'),
	(59, '5-02-08-020', 'Desilting and Dredging Expenses', 'EXPENSE', 'MOOE', NULL, NULL, 0, 1, 1, 'DEBIT', 'Desilting and Dredging Expenses', '2026-04-13 01:18:29', '2026-04-13 01:18:29'),
	(60, '5-02-09-010', 'Generation, Transmission and Distribution Expenses', 'EXPENSE', 'MOOE', NULL, NULL, 0, 1, 1, 'DEBIT', 'Generation, Transmission and Distribution Expenses', '2026-04-13 01:18:29', '2026-04-13 01:18:29'),
	(61, '5-02-10-010', 'Confidential Expenses', 'EXPENSE', 'MOOE', NULL, NULL, 0, 1, 1, 'DEBIT', 'Confidential Expenses', '2026-04-13 01:18:29', '2026-04-13 01:18:29'),
	(62, '5-02-10-020', 'Intelligence Expenses', 'EXPENSE', 'MOOE', NULL, NULL, 0, 1, 1, 'DEBIT', 'Intelligence Expenses', '2026-04-13 01:18:29', '2026-04-13 01:18:29'),
	(63, '5-02-10-030', 'Extraordinary and Miscellaneous Expenses', 'EXPENSE', 'MOOE', NULL, NULL, 0, 1, 1, 'DEBIT', 'Extraordinary and Miscellaneous Expenses', '2026-04-13 01:18:29', '2026-04-13 01:18:29'),
	(64, '5-02-11-010', 'Legal Services', 'EXPENSE', 'MOOE', NULL, NULL, 0, 1, 1, 'DEBIT', 'Legal Services', '2026-04-13 01:18:29', '2026-04-13 01:18:29'),
	(65, '5-02-11-020', 'Auditing Services', 'EXPENSE', 'MOOE', NULL, NULL, 0, 1, 1, 'DEBIT', 'Auditing Services', '2026-04-13 01:18:29', '2026-04-13 01:18:29'),
	(66, '5-02-11-030', 'Consultancy Services', 'EXPENSE', 'MOOE', NULL, NULL, 0, 1, 1, 'DEBIT', 'Consultancy Services', '2026-04-13 01:18:29', '2026-04-13 01:18:29'),
	(67, '5-02-11-990', 'Other Professional Services', 'EXPENSE', 'MOOE', NULL, NULL, 0, 1, 1, 'DEBIT', 'Other Professional Services', '2026-04-13 01:18:29', '2026-04-13 01:18:29'),
	(68, '5-02-12-010', 'Environmental/Sanitary Services', 'EXPENSE', 'MOOE', NULL, NULL, 0, 1, 1, 'DEBIT', 'Environmental/Sanitary Services', '2026-04-13 01:18:29', '2026-04-13 01:18:29'),
	(69, '5-02-12-020', 'Janitorial Services', 'EXPENSE', 'MOOE', NULL, NULL, 0, 1, 1, 'DEBIT', 'Janitorial Services', '2026-04-13 01:18:29', '2026-04-13 01:18:29'),
	(70, '5-02-12-030', 'Security Services', 'EXPENSE', 'MOOE', NULL, NULL, 0, 1, 1, 'DEBIT', 'Security Services', '2026-04-13 01:18:29', '2026-04-13 01:18:29'),
	(71, '5-02-12-990', 'Other General Services', 'EXPENSE', 'MOOE', NULL, NULL, 0, 1, 1, 'DEBIT', 'Other General Services', '2026-04-13 01:18:29', '2026-04-13 01:18:29'),
	(72, '5-02-13-010', 'Repair and Maintenance - Investment Property', 'EXPENSE', 'MOOE', NULL, NULL, 0, 1, 1, 'DEBIT', 'Repair and Maintenance - Investment Property', '2026-04-13 01:18:29', '2026-04-13 01:18:29'),
	(73, '5-02-13-020', 'Repair and Maintenance - Land Improvements', 'EXPENSE', 'MOOE', NULL, NULL, 0, 1, 1, 'DEBIT', 'Repair and Maintenance - Land Improvements', '2026-04-13 01:18:29', '2026-04-13 01:18:29'),
	(74, '5-02-13-030', 'Repair and Maintenance - Infrastructure Asset', 'EXPENSE', 'MOOE', NULL, NULL, 0, 1, 1, 'DEBIT', 'Repair and Maintenance - Infrastructure Asset', '2026-04-13 01:18:29', '2026-04-13 01:18:29'),
	(75, '5-02-13-040', 'Repair and Maintenance - Buildings and Other Structures', 'EXPENSE', 'MOOE', NULL, NULL, 0, 1, 1, 'DEBIT', 'Repair and Maintenance - Buildings and Other Structures', '2026-04-13 01:18:29', '2026-04-13 01:18:29'),
	(76, '5-02-13-050', 'Repair and Maintenance - Machinery and Equipment', 'EXPENSE', 'MOOE', NULL, NULL, 0, 1, 1, 'DEBIT', 'Repair and Maintenance - Machinery and Equipment', '2026-04-13 01:18:29', '2026-04-13 01:18:29'),
	(77, '5-02-13-060', 'Repair and Maintenance - Transportation Equipment', 'EXPENSE', 'MOOE', NULL, NULL, 0, 1, 1, 'DEBIT', 'Repair and Maintenance - Transportation Equipment', '2026-04-13 01:18:29', '2026-04-13 01:18:29'),
	(78, '5-02-13-070', 'Repair and Maintenance - Furniture and Fixtures', 'EXPENSE', 'MOOE', NULL, NULL, 0, 1, 1, 'DEBIT', 'Repair and Maintenance - Furniture and Fixtures', '2026-04-13 01:18:29', '2026-04-13 01:18:29'),
	(79, '5-02-13-080', 'Repair and Maintenance - Leased Assets', 'EXPENSE', 'MOOE', NULL, NULL, 0, 1, 1, 'DEBIT', 'Repair and Maintenance - Leased Assets', '2026-04-13 01:18:29', '2026-04-13 01:18:29'),
	(80, '5-02-13-090', 'Repair and Maintenance - Leased Assets Improvements', 'EXPENSE', 'MOOE', NULL, NULL, 0, 1, 1, 'DEBIT', 'Repair and Maintenance - Leased Assets Improvements', '2026-04-13 01:18:29', '2026-04-13 01:18:29'),
	(81, '5-02-13-990', 'Repair and Maintenance - Other Property, Plant & Equipment', 'EXPENSE', 'MOOE', NULL, NULL, 0, 1, 1, 'DEBIT', 'Repair and Maintenance - Other Property, Plant & Equipment', '2026-04-13 01:18:29', '2026-04-13 01:18:29'),
	(82, '5-02-14-020', 'Subsidy to National Government Agencies', 'EXPENSE', 'MOOE', NULL, NULL, 0, 1, 1, 'DEBIT', 'Subsidy to National Government Agencies', '2026-04-13 01:18:29', '2026-04-13 01:18:29'),
	(83, '5-02-14-030', 'Subsidy to Other Local Government Units', 'EXPENSE', 'MOOE', NULL, NULL, 0, 1, 1, 'DEBIT', 'Subsidy to Other Local Government Units', '2026-04-13 01:18:29', '2026-04-13 01:18:29'),
	(84, '5-02-14-060', 'Subsidy to Other Funds', 'EXPENSE', 'MOOE', NULL, NULL, 0, 1, 1, 'DEBIT', 'Subsidy to Other Funds', '2026-04-13 01:18:29', '2026-04-13 01:18:29'),
	(85, '5-02-14-070', 'Subsidy to General Fund Proper/Special accounts', 'EXPENSE', 'MOOE', NULL, NULL, 0, 1, 1, 'DEBIT', 'Subsidy to General Fund Proper/Special accounts', '2026-04-13 01:18:29', '2026-04-13 01:18:29'),
	(86, '5-02-14-080', 'Subsidy to Local Economic Enterprise / Public Utilities', 'EXPENSE', 'MOOE', NULL, NULL, 0, 1, 1, 'DEBIT', 'Subsidy to Local Economic Enterprise / Public Utilities', '2026-04-13 01:18:29', '2026-04-13 01:18:29'),
	(87, '5-02-14-990', 'Subsidy - Others', 'EXPENSE', 'MOOE', NULL, NULL, 0, 1, 1, 'DEBIT', 'Subsidy - Others', '2026-04-13 01:18:29', '2026-04-13 01:18:29'),
	(88, '5-02-15-010', 'Transfers of Unspent Current Year DRRM funds to Trust Fund', 'EXPENSE', 'MOOE', NULL, NULL, 0, 1, 1, 'DEBIT', 'Transfers of Unspent Current Year DRRM funds to Trust Fund', '2026-04-13 01:18:29', '2026-04-13 01:18:29'),
	(89, '5-02-15-020', 'Transfers for Project Equity Share / LGU Counterpart', 'EXPENSE', 'MOOE', NULL, NULL, 0, 1, 1, 'DEBIT', 'Transfers for Project Equity Share / LGU Counterpart', '2026-04-13 01:18:29', '2026-04-13 01:18:29'),
	(90, '5-02-16-010', 'Taxes, Duties and Licenses', 'EXPENSE', 'MOOE', NULL, NULL, 0, 1, 1, 'DEBIT', 'Taxes, Duties and Licenses', '2026-04-13 01:18:29', '2026-04-13 01:18:29'),
	(91, '5-02-16-020', 'Fidelity Bond Premiums', 'EXPENSE', 'MOOE', NULL, NULL, 0, 1, 1, 'DEBIT', 'Fidelity Bond Premiums', '2026-04-13 01:18:29', '2026-04-13 01:18:29'),
	(92, '5-02-16-030', 'Insurance Expenses', 'EXPENSE', 'MOOE', NULL, NULL, 0, 1, 1, 'DEBIT', 'Insurance Expenses', '2026-04-13 01:18:29', '2026-04-13 01:18:29'),
	(93, '5-02-99-010', 'Advertising Expenses', 'EXPENSE', 'MOOE', NULL, NULL, 0, 1, 1, 'DEBIT', 'Advertising Expenses', '2026-04-13 01:18:29', '2026-04-13 01:18:29'),
	(94, '5-02-99-020', 'Printing and Publication Expenses', 'EXPENSE', 'MOOE', NULL, NULL, 0, 1, 1, 'DEBIT', 'Printing and Publication Expenses', '2026-04-13 01:18:29', '2026-04-13 01:18:29'),
	(95, '5-02-99-030', 'Representation Expenses (ex. meals and snacks)', 'EXPENSE', 'MOOE', NULL, NULL, 0, 1, 1, 'DEBIT', 'Representation Expenses (ex. meals and snacks)', '2026-04-13 01:18:29', '2026-04-13 01:18:29'),
	(96, '5-02-99-040', 'Transportation and Delivery Expenses', 'EXPENSE', 'MOOE', NULL, NULL, 0, 1, 1, 'DEBIT', 'Transportation and Delivery Expenses', '2026-04-13 01:18:29', '2026-04-13 01:18:29'),
	(97, '5-02-99-050', 'Rent Expense', 'EXPENSE', 'MOOE', NULL, NULL, 0, 1, 1, 'DEBIT', 'Rent Expense', '2026-04-13 01:18:29', '2026-04-13 01:18:29'),
	(98, '5-02-99-060', 'Membership Dues & Cont. To Organization', 'EXPENSE', 'MOOE', NULL, NULL, 0, 1, 1, 'DEBIT', 'Membership Dues & Cont. To Organization', '2026-04-13 01:18:29', '2026-04-13 01:18:29'),
	(99, '5-02-99-070', 'Subscription Expenses', 'EXPENSE', 'MOOE', NULL, NULL, 0, 1, 1, 'DEBIT', 'Subscription Expenses', '2026-04-13 01:18:29', '2026-04-13 01:18:29'),
	(100, '5-02-99-080', 'Donations', 'EXPENSE', 'MOOE', NULL, NULL, 0, 1, 1, 'DEBIT', 'Donations', '2026-04-13 01:18:29', '2026-04-13 01:18:29'),
	(101, '5-02-99-990', 'Other Maintenance and Operating Expenses', 'EXPENSE', 'MOOE', NULL, NULL, 0, 1, 1, 'DEBIT', 'Other Maintenance and Operating Expenses', '2026-04-13 01:18:29', '2026-04-13 01:18:29'),
	(102, '1-07-01-010', 'Land', 'EXPENSE', 'CO', NULL, NULL, 0, 1, 1, 'DEBIT', 'Land', '2026-04-13 01:18:29', '2026-04-13 01:18:29'),
	(103, '1-07-02-990', 'Other Land Improvements', 'EXPENSE', 'CO', NULL, NULL, 0, 1, 1, 'DEBIT', 'Other Land Improvements', '2026-04-13 01:18:29', '2026-04-13 01:18:29'),
	(104, '1-07-03-010', 'Road Networks', 'EXPENSE', 'CO', NULL, NULL, 0, 1, 1, 'DEBIT', 'Road Networks', '2026-04-13 01:18:29', '2026-04-13 01:18:29'),
	(105, '1-07-03-020', 'Flood Control System', 'EXPENSE', 'CO', NULL, NULL, 0, 1, 1, 'DEBIT', 'Flood Control System', '2026-04-13 01:18:29', '2026-04-13 01:18:29'),
	(106, '1-07-03-030', 'Sewer Systems', 'EXPENSE', 'CO', NULL, NULL, 0, 1, 1, 'DEBIT', 'Sewer Systems', '2026-04-13 01:18:29', '2026-04-13 01:18:29'),
	(107, '1-07-03-040', 'Water Supply Systems', 'EXPENSE', 'CO', NULL, NULL, 0, 1, 1, 'DEBIT', 'Water Supply Systems', '2026-04-13 01:18:29', '2026-04-13 01:18:29'),
	(108, '1-07-03-050', 'Power Supply Systems', 'EXPENSE', 'CO', NULL, NULL, 0, 1, 1, 'DEBIT', 'Power Supply Systems', '2026-04-13 01:18:29', '2026-04-13 01:18:29'),
	(109, '1-07-03-060', 'Communication Networks', 'EXPENSE', 'CO', NULL, NULL, 0, 1, 1, 'DEBIT', 'Communication Networks', '2026-04-13 01:18:29', '2026-04-13 01:18:29'),
	(110, '1-07-03-070', 'Seaport Systems', 'EXPENSE', 'CO', NULL, NULL, 0, 1, 1, 'DEBIT', 'Seaport Systems', '2026-04-13 01:18:29', '2026-04-13 01:18:29'),
	(111, '1-07-03-080', 'Airport Systems', 'EXPENSE', 'CO', NULL, NULL, 0, 1, 1, 'DEBIT', 'Airport Systems', '2026-04-13 01:18:29', '2026-04-13 01:18:29'),
	(112, '1-07-03-090', 'Park, Plazas and Monuments', 'EXPENSE', 'CO', NULL, NULL, 0, 1, 1, 'DEBIT', 'Park, Plazas and Monuments', '2026-04-13 01:18:29', '2026-04-13 01:18:29'),
	(113, '1-07-03-990', 'Other Infrastructure Assets', 'EXPENSE', 'CO', NULL, NULL, 0, 1, 1, 'DEBIT', 'Other Infrastructure Assets', '2026-04-13 01:18:29', '2026-04-13 01:18:29'),
	(114, '1-07-04-010', 'Buildings', 'EXPENSE', 'CO', NULL, NULL, 0, 1, 1, 'DEBIT', 'Buildings', '2026-04-13 01:18:29', '2026-04-13 01:18:29'),
	(115, '1-07-04-020', 'School Buildings', 'EXPENSE', 'CO', NULL, NULL, 0, 1, 1, 'DEBIT', 'School Buildings', '2026-04-13 01:18:29', '2026-04-13 01:18:29'),
	(116, '1-07-04-030', 'Hospitals and Health Centers', 'EXPENSE', 'CO', NULL, NULL, 0, 1, 1, 'DEBIT', 'Hospitals and Health Centers', '2026-04-13 01:18:29', '2026-04-13 01:18:29'),
	(117, '1-07-04-040', 'Markets', 'EXPENSE', 'CO', NULL, NULL, 0, 1, 1, 'DEBIT', 'Markets', '2026-04-13 01:18:29', '2026-04-13 01:18:29'),
	(118, '1-07-04-050', 'Slaughterhouses', 'EXPENSE', 'CO', NULL, NULL, 0, 1, 1, 'DEBIT', 'Slaughterhouses', '2026-04-13 01:18:29', '2026-04-13 01:18:29'),
	(119, '1-07-04-060', 'Hostels and Dormitories', 'EXPENSE', 'CO', NULL, NULL, 0, 1, 1, 'DEBIT', 'Hostels and Dormitories', '2026-04-13 01:18:29', '2026-04-13 01:18:29'),
	(120, '1-07-04-990', 'Other Structures', 'EXPENSE', 'CO', NULL, NULL, 0, 1, 1, 'DEBIT', 'Other Structures', '2026-04-13 01:18:29', '2026-04-13 01:18:29'),
	(121, '1-07-05-010', 'Machinery', 'EXPENSE', 'CO', NULL, NULL, 0, 1, 1, 'DEBIT', 'Machinery', '2026-04-13 01:18:29', '2026-04-13 01:18:29'),
	(122, '1-07-05-020', 'Office Equipment', 'EXPENSE', 'CO', NULL, NULL, 0, 1, 1, 'DEBIT', 'Office Equipment', '2026-04-13 01:18:29', '2026-04-13 01:18:29'),
	(123, '1-07-05-030', 'Information and Communication Technology Equip.', 'EXPENSE', 'CO', NULL, NULL, 0, 1, 1, 'DEBIT', 'Information and Communication Technology Equip.', '2026-04-13 01:18:29', '2026-04-13 01:18:29'),
	(124, '1-07-05-040', 'Agricultural and Forestry Equipment', 'EXPENSE', 'CO', NULL, NULL, 0, 1, 1, 'DEBIT', 'Agricultural and Forestry Equipment', '2026-04-13 01:18:29', '2026-04-13 01:18:29'),
	(125, '1-07-05-050', 'Marine and Fishery Equipment', 'EXPENSE', 'CO', NULL, NULL, 0, 1, 1, 'DEBIT', 'Marine and Fishery Equipment', '2026-04-13 01:18:29', '2026-04-13 01:18:29'),
	(126, '1-07-05-060', 'Airport Equipment', 'EXPENSE', 'CO', NULL, NULL, 0, 1, 1, 'DEBIT', 'Airport Equipment', '2026-04-13 01:18:29', '2026-04-13 01:18:29'),
	(127, '1-07-05-070', 'Communication Equipment', 'EXPENSE', 'CO', NULL, NULL, 0, 1, 1, 'DEBIT', 'Communication Equipment', '2026-04-13 01:18:29', '2026-04-13 01:18:29'),
	(128, '1-07-05-080', 'Construction and Heavy Equipment', 'EXPENSE', 'CO', NULL, NULL, 0, 1, 1, 'DEBIT', 'Construction and Heavy Equipment', '2026-04-13 01:18:29', '2026-04-13 01:18:29'),
	(129, '1-07-05-090', 'Disaster Response and Rescue Equipment', 'EXPENSE', 'CO', NULL, NULL, 0, 1, 1, 'DEBIT', 'Disaster Response and Rescue Equipment', '2026-04-13 01:18:29', '2026-04-13 01:18:29'),
	(130, '1-07-05-100', 'Military, Police and Security Equipment', 'EXPENSE', 'CO', NULL, NULL, 0, 1, 1, 'DEBIT', 'Military, Police and Security Equipment', '2026-04-13 01:18:29', '2026-04-13 01:18:29'),
	(131, '1-07-05-110', 'Medical Equipment', 'EXPENSE', 'CO', NULL, NULL, 0, 1, 1, 'DEBIT', 'Medical Equipment', '2026-04-13 01:18:29', '2026-04-13 01:18:29'),
	(132, '1-07-05-120', 'Printing Equipment', 'EXPENSE', 'CO', NULL, NULL, 0, 1, 1, 'DEBIT', 'Printing Equipment', '2026-04-13 01:18:29', '2026-04-13 01:18:29'),
	(133, '1-07-05-130', 'Sports Equipment', 'EXPENSE', 'CO', NULL, NULL, 0, 1, 1, 'DEBIT', 'Sports Equipment', '2026-04-13 01:18:29', '2026-04-13 01:18:29'),
	(134, '1-07-05-140', 'Technical and Scientific Equipment', 'EXPENSE', 'CO', NULL, NULL, 0, 1, 1, 'DEBIT', 'Technical and Scientific Equipment', '2026-04-13 01:18:29', '2026-04-13 01:18:29'),
	(135, '1-07-05-990', 'Other Machinery and Equipment', 'EXPENSE', 'CO', NULL, NULL, 0, 1, 1, 'DEBIT', 'Other Machinery and Equipment', '2026-04-13 01:18:29', '2026-04-13 01:18:29'),
	(136, '1-07-06-010', 'Motor Vehicles', 'EXPENSE', 'CO', NULL, NULL, 0, 1, 1, 'DEBIT', 'Motor Vehicles', '2026-04-13 01:18:29', '2026-04-13 01:18:29'),
	(137, '1-07-06-020', 'Trains', 'EXPENSE', 'CO', NULL, NULL, 0, 1, 1, 'DEBIT', 'Trains', '2026-04-13 01:18:29', '2026-04-13 01:18:29'),
	(138, '1-07-06-030', 'Aircraft and Aircrafts Ground Equipment', 'EXPENSE', 'CO', NULL, NULL, 0, 1, 1, 'DEBIT', 'Aircraft and Aircrafts Ground Equipment', '2026-04-13 01:18:29', '2026-04-13 01:18:29'),
	(139, '1-07-06-040', 'Watercrafts', 'EXPENSE', 'CO', NULL, NULL, 0, 1, 1, 'DEBIT', 'Watercrafts', '2026-04-13 01:18:29', '2026-04-13 01:18:29'),
	(140, '1-07-06-990', 'Other Transportation Equipment', 'EXPENSE', 'CO', NULL, NULL, 0, 1, 1, 'DEBIT', 'Other Transportation Equipment', '2026-04-13 01:18:29', '2026-04-13 01:18:29'),
	(141, '1-07-07-010', 'Furniture and Fixtures', 'EXPENSE', 'CO', NULL, NULL, 0, 1, 1, 'DEBIT', 'Furniture and Fixtures', '2026-04-13 01:18:29', '2026-04-13 01:18:29'),
	(142, '1-07-07-020', 'Books', 'EXPENSE', 'CO', NULL, NULL, 0, 1, 1, 'DEBIT', 'Books', '2026-04-13 01:18:29', '2026-04-13 01:18:29'),
	(143, '1-07-99-010', 'Work/Zoo Animals', 'EXPENSE', 'CO', NULL, NULL, 0, 1, 1, 'DEBIT', 'Work/Zoo Animals', '2026-04-13 01:18:29', '2026-04-13 01:18:29'),
	(144, '1-07-99-990', 'Other Property, Plant, and Equipment', 'EXPENSE', 'CO', NULL, NULL, 0, 1, 1, 'DEBIT', 'Other Property, Plant, and Equipment', '2026-04-13 01:18:29', '2026-04-13 01:18:29'),
	(145, '1-08-01-010', 'Breeding Stocks', 'EXPENSE', 'CO', NULL, NULL, 0, 1, 1, 'DEBIT', 'Breeding Stocks', '2026-04-13 01:18:29', '2026-04-13 01:18:29'),
	(146, '1-08-01-020', 'Plants and Trees', 'EXPENSE', 'CO', NULL, NULL, 0, 1, 1, 'DEBIT', 'Plants and Trees', '2026-04-13 01:18:29', '2026-04-13 01:18:29'),
	(147, '1-08-01-030', 'Aquaculture', 'EXPENSE', 'CO', NULL, NULL, 0, 1, 1, 'DEBIT', 'Aquaculture', '2026-04-13 01:18:29', '2026-04-13 01:18:29'),
	(148, '1-08-01-990', 'Other Bearer Biological Assets', 'EXPENSE', 'CO', NULL, NULL, 0, 1, 1, 'DEBIT', 'Other Bearer Biological Assets', '2026-04-13 01:18:29', '2026-04-13 01:18:29'),
	(149, '1-09-01-010', 'Patents / Copyrights', 'EXPENSE', 'CO', NULL, NULL, 0, 1, 1, 'DEBIT', 'Patents / Copyrights', '2026-04-13 01:18:29', '2026-04-13 01:18:29'),
	(150, '1-09-01-020', 'Computer Software', 'EXPENSE', 'CO', NULL, NULL, 0, 1, 1, 'DEBIT', 'Computer Software', '2026-04-13 01:18:29', '2026-04-13 01:18:29'),
	(151, '1-09-01-990', 'Other Intangible Assets', 'EXPENSE', 'CO', NULL, NULL, 0, 1, 1, 'DEBIT', 'Other Intangible Assets', '2026-04-13 01:18:29', '2026-04-13 01:18:29');

-- Dumping structure for table leap_db.failed_jobs
CREATE TABLE IF NOT EXISTS `failed_jobs` (
  `id` bigint(20) unsigned NOT NULL AUTO_INCREMENT,
  `uuid` varchar(255) NOT NULL,
  `connection` text NOT NULL,
  `queue` text NOT NULL,
  `payload` longtext NOT NULL,
  `exception` longtext NOT NULL,
  `failed_at` timestamp NOT NULL DEFAULT current_timestamp(),
  PRIMARY KEY (`id`),
  UNIQUE KEY `failed_jobs_uuid_unique` (`uuid`)
) ENGINE=InnoDB DEFAULT CHARSET=utf8mb4 COLLATE=utf8mb4_unicode_ci;

-- Dumping data for table leap_db.failed_jobs: ~0 rows (approximately)

-- Dumping structure for table leap_db.fiscal_years
CREATE TABLE IF NOT EXISTS `fiscal_years` (
  `id` bigint(20) unsigned NOT NULL AUTO_INCREMENT,
  `year` year(4) NOT NULL,
  `status` enum('active','inactive','closed') NOT NULL DEFAULT 'inactive',
  `created_at` timestamp NULL DEFAULT NULL,
  `updated_at` timestamp NULL DEFAULT NULL,
  PRIMARY KEY (`id`),
  UNIQUE KEY `fiscal_years_year_unique` (`year`)
) ENGINE=InnoDB AUTO_INCREMENT=4 DEFAULT CHARSET=utf8mb4 COLLATE=utf8mb4_unicode_ci;

-- Dumping data for table leap_db.fiscal_years: ~3 rows (approximately)
INSERT INTO `fiscal_years` (`id`, `year`, `status`, `created_at`, `updated_at`) VALUES
	(1, '2023', 'active', '2026-04-13 01:18:28', '2026-04-13 01:18:28'),
	(2, '2024', 'inactive', '2026-04-13 01:18:28', '2026-04-13 01:18:28'),
	(3, '2025', 'closed', '2026-04-13 01:18:28', '2026-04-13 01:18:28');

-- Dumping structure for table leap_db.funding_sources
CREATE TABLE IF NOT EXISTS `funding_sources` (
  `id` bigint(20) unsigned NOT NULL AUTO_INCREMENT,
  `fund_type` varchar(50) NOT NULL,
  `code` varchar(50) NOT NULL,
  `title` text NOT NULL,
  `description` text DEFAULT NULL,
  `created_at` timestamp NULL DEFAULT NULL,
  `updated_at` timestamp NULL DEFAULT NULL,
  PRIMARY KEY (`id`)
) ENGINE=InnoDB AUTO_INCREMENT=15 DEFAULT CHARSET=utf8mb4 COLLATE=utf8mb4_unicode_ci;

-- Dumping data for table leap_db.funding_sources: ~14 rows (approximately)
INSERT INTO `funding_sources` (`id`, `fund_type`, `code`, `title`, `description`, `created_at`, `updated_at`) VALUES
	(1, 'General Fund', 'GF Proper', 'General Fund', NULL, '2026-04-13 01:18:28', '2026-04-13 01:18:28'),
	(2, 'General Fund', 'GF-5% GAD', 'General Fund - 5% Gender and Development Fund', NULL, '2026-04-13 01:18:28', '2026-04-13 01:18:28'),
	(3, 'General Fund', 'GF - 1% Protection of Children', 'General Fund - 1% Protection of Children', NULL, '2026-04-13 01:18:28', '2026-04-13 01:18:28'),
	(4, 'General Fund', 'GF - 1% PWD and SC', 'General Fund - 1% Person with Disabilities and Senior Citizens', NULL, '2026-04-13 01:18:28', '2026-04-13 01:18:28'),
	(5, 'General Fund', 'GF - 20% DF', 'General Fund - Special Account - 20% Development Fund', NULL, '2026-04-13 01:18:28', '2026-04-13 01:18:28'),
	(6, 'General Fund', 'GF - 5% LDRRMF', 'General Fund - Local Disaster Risk Reduction Management Fund (LDRRMF)', NULL, '2026-04-13 01:18:28', '2026-04-13 01:18:28'),
	(7, 'General Fund', 'GF -POPS Fund', 'General Fund - Peace and Order and Public Safety Fund', NULL, '2026-04-13 01:18:28', '2026-04-13 01:18:28'),
	(8, 'Transfer from NGAs', 'Transfer from NGAs', 'Transfer from National Government Organizations (Other than those accruing to the GF)', NULL, '2026-04-13 01:18:28', '2026-04-13 01:18:28'),
	(9, 'Transfer from GOCCs', 'Transfer from GOCCs', 'Transfer from Government-owned and Controlled Corporations (Other than those accruing to the GF)', NULL, '2026-04-13 01:18:28', '2026-04-13 01:18:28'),
	(10, 'Transfer from other LGUs', 'Transfer from other LGUs', 'Transfer from other Local Government Units', NULL, '2026-04-13 01:18:28', '2026-04-13 01:18:28'),
	(11, 'Income from Local Economic Enterprise', 'LEEs', 'Income from Local Economic Enterprise (for its own operation)', NULL, '2026-04-13 01:18:28', '2026-04-13 01:18:28'),
	(12, 'Loan Proceeds', 'Loan Proceeds', 'Loan Proceeds', NULL, '2026-04-13 01:18:28', '2026-04-13 01:18:28'),
	(13, 'RA 7171', 'RA 7171', 'RA No. 7171, entitled, “An Act to Promote the Development of Farmers in the Virginia Tobacco Producing Provinces', NULL, '2026-04-13 01:18:28', '2026-04-13 01:18:28'),
	(14, 'RA 8240', 'RA 8240', 'RA No. 8240, as amended by RA No. 10351, entitled, “An Act Restructuring the Excise Tax on Alcohol and Tobacco Products by Amending Sections 141, 142, 143, 144, 145, 8, 131 and 288 of RA No. 8424, Otherwise Known as the National Internal Revenue Code of 1997, as Amended by RA No. 9334, and for Other Purposes', NULL, '2026-04-13 01:18:28', '2026-04-13 01:18:28');

-- Dumping structure for table leap_db.job_batches
CREATE TABLE IF NOT EXISTS `job_batches` (
  `id` varchar(255) NOT NULL,
  `name` varchar(255) NOT NULL,
  `total_jobs` int(11) NOT NULL,
  `pending_jobs` int(11) NOT NULL,
  `failed_jobs` int(11) NOT NULL,
  `failed_job_ids` longtext NOT NULL,
  `options` mediumtext DEFAULT NULL,
  `cancelled_at` int(11) DEFAULT NULL,
  `created_at` int(11) NOT NULL,
  `finished_at` int(11) DEFAULT NULL,
  PRIMARY KEY (`id`)
) ENGINE=InnoDB DEFAULT CHARSET=utf8mb4 COLLATE=utf8mb4_unicode_ci;

-- Dumping data for table leap_db.job_batches: ~0 rows (approximately)

-- Dumping structure for table leap_db.jobs
CREATE TABLE IF NOT EXISTS `jobs` (
  `id` bigint(20) unsigned NOT NULL AUTO_INCREMENT,
  `queue` varchar(255) NOT NULL,
  `payload` longtext NOT NULL,
  `attempts` tinyint(3) unsigned NOT NULL,
  `reserved_at` int(10) unsigned DEFAULT NULL,
  `available_at` int(10) unsigned NOT NULL,
  `created_at` int(10) unsigned NOT NULL,
  PRIMARY KEY (`id`),
  KEY `jobs_queue_index` (`queue`)
) ENGINE=InnoDB DEFAULT CHARSET=utf8mb4 COLLATE=utf8mb4_unicode_ci;

-- Dumping data for table leap_db.jobs: ~0 rows (approximately)

-- Dumping structure for table leap_db.lgu_levels
CREATE TABLE IF NOT EXISTS `lgu_levels` (
  `id` bigint(20) unsigned NOT NULL AUTO_INCREMENT,
  `code` varchar(1) NOT NULL,
  `name` varchar(20) NOT NULL,
  `created_at` timestamp NULL DEFAULT NULL,
  `updated_at` timestamp NULL DEFAULT NULL,
  PRIMARY KEY (`id`),
  UNIQUE KEY `lgu_levels_code_unique` (`code`)
) ENGINE=InnoDB AUTO_INCREMENT=4 DEFAULT CHARSET=utf8mb4 COLLATE=utf8mb4_unicode_ci;

-- Dumping data for table leap_db.lgu_levels: ~3 rows (approximately)
INSERT INTO `lgu_levels` (`id`, `code`, `name`, `created_at`, `updated_at`) VALUES
	(1, '1', 'Province', '2026-04-13 01:18:28', '2026-04-13 01:18:28'),
	(2, '2', 'City', '2026-04-13 01:18:28', '2026-04-13 01:18:28'),
	(3, '3', 'Minicipality', '2026-04-13 01:18:28', '2026-04-13 01:18:28');

-- Dumping structure for table leap_db.migrations
CREATE TABLE IF NOT EXISTS `migrations` (
  `id` int(10) unsigned NOT NULL AUTO_INCREMENT,
  `migration` varchar(255) NOT NULL,
  `batch` int(11) NOT NULL,
  PRIMARY KEY (`id`)
) ENGINE=InnoDB AUTO_INCREMENT=22 DEFAULT CHARSET=utf8mb4 COLLATE=utf8mb4_unicode_ci;

-- Dumping data for table leap_db.migrations: ~21 rows (approximately)
INSERT INTO `migrations` (`id`, `migration`, `batch`) VALUES
	(1, '0001_01_01_000000_create_users_table', 1),
	(2, '0001_01_01_000001_create_cache_table', 1),
	(3, '0001_01_01_000002_create_jobs_table', 1),
	(4, '2025_08_26_100418_add_two_factor_columns_to_users_table', 1),
	(5, '2026_01_05_110900_create_fiscal_years_table', 1),
	(6, '2026_01_05_120000_create_sectors_table', 1),
	(7, '2026_01_05_120100_create_lgu_levels_table', 1),
	(8, '2026_01_05_120200_create_office_types_table', 1),
	(9, '2026_01_05_120250_create_funding_sources_table', 1),
	(10, '2026_01_05_120260_create_ppmp_categories_table', 1),
	(11, '2026_01_05_120270_create_chart_of_accounts_table', 1),
	(12, '2026_01_05_120300_create_offices_table', 1),
	(13, '2026_01_05_120350_create_ppas_table', 1),
	(14, '2026_01_05_120355_create_aip_entries_table', 1),
	(15, '2026_01_05_120360_create_ppa_funding_sources_table', 1),
	(16, '2026_01_05_120380_create_ppmp_price_lists_table', 1),
	(17, '2026_01_05_120390_create_ppmps_table', 1),
	(18, '2026_01_05_120400_create_allotment_classes_table', 1),
	(19, '2026_01_05_120500_create_account_groups_table', 1),
	(20, '2026_03_31_030727_add_office_id_to_users_table', 1),
	(21, '2026_04_10_073205_create_ppmp_summaries_table', 1);

-- Dumping structure for table leap_db.office_types
CREATE TABLE IF NOT EXISTS `office_types` (
  `id` bigint(20) unsigned NOT NULL AUTO_INCREMENT,
  `code` varchar(2) NOT NULL,
  `name` varchar(20) NOT NULL,
  `created_at` timestamp NULL DEFAULT NULL,
  `updated_at` timestamp NULL DEFAULT NULL,
  PRIMARY KEY (`id`),
  UNIQUE KEY `office_types_code_unique` (`code`)
) ENGINE=InnoDB AUTO_INCREMENT=4 DEFAULT CHARSET=utf8mb4 COLLATE=utf8mb4_unicode_ci;

-- Dumping data for table leap_db.office_types: ~3 rows (approximately)
INSERT INTO `office_types` (`id`, `code`, `name`, `created_at`, `updated_at`) VALUES
	(1, '01', 'Mandatory', '2026-04-13 01:18:28', '2026-04-13 01:18:28'),
	(2, '02', 'Optional', '2026-04-13 01:18:28', '2026-04-13 01:18:28'),
	(3, '03', 'Others', '2026-04-13 01:18:28', '2026-04-13 01:18:28');

-- Dumping structure for table leap_db.offices
CREATE TABLE IF NOT EXISTS `offices` (
  `id` bigint(20) unsigned NOT NULL AUTO_INCREMENT,
  `sector_id` bigint(20) unsigned DEFAULT NULL,
  `lgu_level_id` bigint(20) unsigned NOT NULL,
  `office_type_id` bigint(20) unsigned NOT NULL,
  `code` varchar(3) NOT NULL,
  `name` varchar(100) NOT NULL,
  `acronym` varchar(100) DEFAULT NULL,
  `is_lee` tinyint(1) NOT NULL DEFAULT 0,
  `created_at` timestamp NULL DEFAULT NULL,
  `updated_at` timestamp NULL DEFAULT NULL,
  PRIMARY KEY (`id`),
  KEY `offices_sector_id_foreign` (`sector_id`),
  KEY `offices_lgu_level_id_foreign` (`lgu_level_id`),
  KEY `offices_office_type_id_foreign` (`office_type_id`),
  CONSTRAINT `offices_lgu_level_id_foreign` FOREIGN KEY (`lgu_level_id`) REFERENCES `lgu_levels` (`id`),
  CONSTRAINT `offices_office_type_id_foreign` FOREIGN KEY (`office_type_id`) REFERENCES `office_types` (`id`),
  CONSTRAINT `offices_sector_id_foreign` FOREIGN KEY (`sector_id`) REFERENCES `sectors` (`id`)
) ENGINE=InnoDB AUTO_INCREMENT=39 DEFAULT CHARSET=utf8mb4 COLLATE=utf8mb4_unicode_ci;

-- Dumping data for table leap_db.offices: ~38 rows (approximately)
INSERT INTO `offices` (`id`, `sector_id`, `lgu_level_id`, `office_type_id`, `code`, `name`, `acronym`, `is_lee`, `created_at`, `updated_at`) VALUES
	(1, 1, 1, 1, '001', 'Office of the Provincial Governor', 'OPG', 0, '2026-04-13 01:18:29', '2026-04-13 01:18:29'),
	(2, 1, 1, 1, '001', 'OPG - Bids and Awards Committee Support Unit', 'BACSU', 0, '2026-04-13 01:18:29', '2026-04-13 01:18:29'),
	(3, 1, 1, 1, '001', 'OPG - Internal Audit Services Unit', 'IASU', 0, '2026-04-13 01:18:29', '2026-04-13 01:18:29'),
	(4, 1, 1, 1, '001', 'OPG - Security Services Unit', 'SSU', 0, '2026-04-13 01:18:29', '2026-04-13 01:18:29'),
	(5, 1, 1, 1, '001', 'OPG - Peace, Order and Public Safety', 'POPS', 0, '2026-04-13 01:18:29', '2026-04-13 01:18:29'),
	(6, 1, 1, 1, '001', 'La Union Provincial Jail', 'LUPJ', 0, '2026-04-13 01:18:29', '2026-04-13 01:18:29'),
	(7, 1, 1, 1, '002', 'Office of the Vice Governor', 'OVG', 0, '2026-04-13 01:18:29', '2026-04-13 01:18:29'),
	(8, 1, 1, 1, '003', 'Office of the Sangguniang Panlalawigan', 'OSP', 0, '2026-04-13 01:18:29', '2026-04-13 01:18:29'),
	(9, 1, 1, 1, '005', 'Provincial Treasurer\'s Office', 'PTO', 0, '2026-04-13 01:18:29', '2026-04-13 01:18:29'),
	(10, 1, 1, 1, '006', 'Office of the Provincial Assessor', 'OPAss', 0, '2026-04-13 01:18:29', '2026-04-13 01:18:29'),
	(11, 1, 1, 1, '007', 'Office of the Provincial Accountant', 'OPAcc', 0, '2026-04-13 01:18:29', '2026-04-13 01:18:29'),
	(12, 1, 1, 1, '009', 'Provincial Budget Office', 'PBO', 0, '2026-04-13 01:18:29', '2026-04-13 01:18:29'),
	(13, 1, 1, 1, '010', 'Office of the Provincial Planning and Development Coordinator', 'OPPDC', 0, '2026-04-13 01:18:29', '2026-04-13 01:18:29'),
	(14, 1, 1, 1, '011', 'Provincial Legal Office', 'PLO', 0, '2026-04-13 01:18:29', '2026-04-13 01:18:29'),
	(15, 1, 1, 1, '012', 'Office of the Provincial Administrator', 'OPAdmin', 0, '2026-04-13 01:18:29', '2026-04-13 01:18:29'),
	(16, 1, 1, 1, '015', 'Provincial General Services Officer', 'PGSO', 0, '2026-04-13 01:18:29', '2026-04-13 01:18:29'),
	(17, 1, 1, 2, '005', 'Provincial Information Office', 'PIO', 0, '2026-04-13 01:18:29', '2026-04-13 01:18:29'),
	(18, 1, 1, 3, '009', 'Provincial Information and Communications Technology Office', 'PICTO', 0, '2026-04-13 01:18:29', '2026-04-13 01:18:29'),
	(19, 1, 1, 3, '010', 'Provincial Human Resource Mangement and Development Office', 'PHRMDO', 0, '2026-04-13 01:18:29', '2026-04-13 01:18:29'),
	(20, 2, 1, 1, '001', 'OPG - Provincial Housing Board (PHB)', 'PHB', 0, '2026-04-13 01:18:29', '2026-04-13 01:18:29'),
	(21, 2, 1, 1, '001', 'OPG - Gender and Development Office', 'GAD', 0, '2026-04-13 01:18:29', '2026-04-13 01:18:29'),
	(22, 2, 1, 1, '001', 'OPG - Public Employment Services Office', 'PESO', 0, '2026-04-13 01:18:29', '2026-04-13 01:18:29'),
	(23, 2, 1, 3, '011', 'Provincial Youth, Education, Sports Development Office', 'PYESDO', 0, '2026-04-13 01:18:29', '2026-04-13 01:18:29'),
	(24, 2, 1, 1, '014', 'Provincial Social Welfare and Development Office', 'PSWDO', 0, '2026-04-13 01:18:29', '2026-04-13 01:18:29'),
	(25, 2, 1, 1, '013', 'Provincial Health Office', 'PHO', 0, '2026-04-13 01:18:29', '2026-04-13 01:18:29'),
	(26, 2, 1, 3, '002', 'Bacnotan District Hospital', 'BDH', 0, '2026-04-13 01:18:29', '2026-04-13 01:18:29'),
	(27, 2, 1, 3, '003', 'Balaoan District Hospital', 'BalDH', 0, '2026-04-13 01:18:29', '2026-04-13 01:18:29'),
	(28, 2, 1, 3, '004', 'Caba District Hospital', 'CDH', 0, '2026-04-13 01:18:29', '2026-04-13 01:18:29'),
	(29, 2, 1, 3, '005', 'Naguilian District Hospital', 'NDH', 0, '2026-04-13 01:18:29', '2026-04-13 01:18:29'),
	(30, 2, 1, 3, '006', 'Rosario District Hospital', 'RDH', 0, '2026-04-13 01:18:29', '2026-04-13 01:18:29'),
	(31, 3, 1, 1, '001', 'OPG - Provincial Cooperative Development Office', 'PCDO', 0, '2026-04-13 01:18:29', '2026-04-13 01:18:29'),
	(32, 3, 1, 1, '008', 'Provincial Engineering Office', 'PEO', 0, '2026-04-13 01:18:29', '2026-04-13 01:18:29'),
	(33, 3, 1, 1, '016', 'Office of the Provincial Agriculturist', 'OPAg', 0, '2026-04-13 01:18:29', '2026-04-13 01:18:29'),
	(34, 3, 1, 1, '017', 'Office of the Provincial Veterinarian', 'OPVet', 0, '2026-04-13 01:18:29', '2026-04-13 01:18:29'),
	(35, 3, 1, 2, '002', 'Provincial Government Environment and Natural Resource Office', 'PG-ENRO', 0, '2026-04-13 01:18:29', '2026-04-13 01:18:29'),
	(36, 3, 1, 3, '001', 'Provincial Disaster Risk Reduction and Management Office', 'PDRRMO', 0, '2026-04-13 01:18:29', '2026-04-13 01:18:29'),
	(37, 3, 1, 3, '007', 'La Union Provincial Tourism Office', 'LUPTO', 0, '2026-04-13 01:18:29', '2026-04-13 01:18:29'),
	(38, 3, 1, 3, '008', 'Local Economic Enterprise and Investments Promotion Office', 'LEEIPO', 0, '2026-04-13 01:18:29', '2026-04-13 01:18:29');

-- Dumping structure for table leap_db.password_reset_tokens
CREATE TABLE IF NOT EXISTS `password_reset_tokens` (
  `email` varchar(255) NOT NULL,
  `token` varchar(255) NOT NULL,
  `created_at` timestamp NULL DEFAULT NULL,
  PRIMARY KEY (`email`)
) ENGINE=InnoDB DEFAULT CHARSET=utf8mb4 COLLATE=utf8mb4_unicode_ci;

-- Dumping data for table leap_db.password_reset_tokens: ~0 rows (approximately)

-- Dumping structure for table leap_db.ppa_funding_sources
CREATE TABLE IF NOT EXISTS `ppa_funding_sources` (
  `id` bigint(20) unsigned NOT NULL AUTO_INCREMENT,
  `aip_entry_id` bigint(20) unsigned NOT NULL,
  `funding_source_id` bigint(20) unsigned NOT NULL,
  `ps_amount` decimal(19,2) NOT NULL DEFAULT 0.00,
  `mooe_amount` decimal(19,2) NOT NULL DEFAULT 0.00,
  `fe_amount` decimal(19,2) NOT NULL DEFAULT 0.00,
  `co_amount` decimal(19,2) NOT NULL DEFAULT 0.00,
  `ccet_adaptation` decimal(19,2) NOT NULL DEFAULT 0.00,
  `ccet_mitigation` decimal(19,2) NOT NULL DEFAULT 0.00,
  `created_at` timestamp NULL DEFAULT NULL,
  `updated_at` timestamp NULL DEFAULT NULL,
  PRIMARY KEY (`id`),
  KEY `ppa_funding_sources_aip_entry_id_foreign` (`aip_entry_id`),
  KEY `ppa_funding_sources_funding_source_id_foreign` (`funding_source_id`),
  CONSTRAINT `ppa_funding_sources_aip_entry_id_foreign` FOREIGN KEY (`aip_entry_id`) REFERENCES `aip_entries` (`id`),
  CONSTRAINT `ppa_funding_sources_funding_source_id_foreign` FOREIGN KEY (`funding_source_id`) REFERENCES `funding_sources` (`id`)
) ENGINE=InnoDB AUTO_INCREMENT=3 DEFAULT CHARSET=utf8mb4 COLLATE=utf8mb4_unicode_ci;

-- Dumping data for table leap_db.ppa_funding_sources: ~2 rows (approximately)
INSERT INTO `ppa_funding_sources` (`id`, `aip_entry_id`, `funding_source_id`, `ps_amount`, `mooe_amount`, `fe_amount`, `co_amount`, `ccet_adaptation`, `ccet_mitigation`, `created_at`, `updated_at`) VALUES
	(1, 1, 1, 0.00, 0.00, 0.00, 0.00, 0.00, 0.00, '2026-04-13 01:18:30', '2026-04-13 01:18:30'),
	(2, 1, 2, 0.00, 0.00, 0.00, 0.00, 0.00, 0.00, '2026-04-13 01:18:30', '2026-04-13 01:18:30');

-- Dumping structure for table leap_db.ppas
CREATE TABLE IF NOT EXISTS `ppas` (
  `id` bigint(20) unsigned NOT NULL AUTO_INCREMENT,
  `office_id` bigint(20) unsigned NOT NULL,
  `parent_id` bigint(20) unsigned DEFAULT NULL,
  `name` varchar(255) NOT NULL,
  `type` enum('Program','Project','Activity','Sub-Activity') NOT NULL,
  `code_suffix` varchar(4) NOT NULL,
  `is_active` tinyint(1) NOT NULL DEFAULT 1,
  `created_at` timestamp NULL DEFAULT NULL,
  `updated_at` timestamp NULL DEFAULT NULL,
  PRIMARY KEY (`id`),
  UNIQUE KEY `ppa_unique_index` (`office_id`,`parent_id`,`code_suffix`,`type`),
  KEY `ppas_parent_id_foreign` (`parent_id`),
  CONSTRAINT `ppas_office_id_foreign` FOREIGN KEY (`office_id`) REFERENCES `offices` (`id`),
  CONSTRAINT `ppas_parent_id_foreign` FOREIGN KEY (`parent_id`) REFERENCES `ppas` (`id`) ON DELETE CASCADE
) ENGINE=InnoDB AUTO_INCREMENT=79 DEFAULT CHARSET=utf8mb4 COLLATE=utf8mb4_unicode_ci;

-- Dumping data for table leap_db.ppas: ~78 rows (approximately)
INSERT INTO `ppas` (`id`, `office_id`, `parent_id`, `name`, `type`, `code_suffix`, `is_active`, `created_at`, `updated_at`) VALUES
	(1, 18, NULL, 'Manpower Services', 'Program', '001', 1, '2026-04-13 01:18:29', '2026-04-13 01:18:29'),
	(2, 18, NULL, 'Operational Activities', 'Program', '002', 1, '2026-04-13 01:18:29', '2026-04-13 01:18:29'),
	(3, 18, 2, 'Development, Deployment, and Maintenance of Information Systems', 'Project', '01', 1, '2026-04-13 01:18:29', '2026-04-13 01:18:29'),
	(4, 18, 3, 'Maintenance and Upgrade for Existing PGLU Information Systems', 'Activity', '01', 1, '2026-04-13 01:18:29', '2026-04-13 01:18:29'),
	(5, 18, 3, 'Subscription of Secure Sockets Layers (SSL) Technology (GlobalSign)', 'Activity', '02', 1, '2026-04-13 01:18:29', '2026-04-13 01:18:29'),
	(6, 18, 3, 'Subscription of Email Services (Google Workspace)', 'Activity', '03', 1, '2026-04-13 01:18:29', '2026-04-13 01:18:29'),
	(7, 18, 3, 'Subscription of Provincial Text Blast (Smart InfoCast)', 'Activity', '04', 1, '2026-04-13 01:18:29', '2026-04-13 01:18:29'),
	(8, 18, 3, 'Development and Deployment of PGLU Information Systems', 'Activity', '05', 1, '2026-04-13 01:18:29', '2026-04-13 01:18:29'),
	(9, 18, 3, 'Business Process Automation', 'Activity', '06', 1, '2026-04-13 01:18:29', '2026-04-13 01:18:29'),
	(10, 18, 3, 'Subscription of Plug-ins and Templates', 'Activity', '07', 1, '2026-04-13 01:18:29', '2026-04-13 01:18:29'),
	(11, 18, 3, 'Subscription of Application Software (PowerBuilder CloudPro)', 'Activity', '08', 1, '2026-04-13 01:18:29', '2026-04-13 01:18:29'),
	(12, 18, 3, 'Subscription of Productivity and Collaboration Tools', 'Activity', '09', 1, '2026-04-13 01:18:29', '2026-04-13 01:18:29'),
	(13, 18, 3, 'Conduct of Consultation Meetings', 'Activity', '10', 1, '2026-04-13 01:18:29', '2026-04-13 01:18:29'),
	(14, 18, 3, 'IS Manuals Creation', 'Activity', '11', 1, '2026-04-13 01:18:29', '2026-04-13 01:18:29'),
	(15, 18, 3, 'End-User Training', 'Activity', '12', 1, '2026-04-13 01:18:29', '2026-04-13 01:18:29'),
	(16, 18, 2, 'Data Management and Repository', 'Project', '02', 1, '2026-04-13 01:18:29', '2026-04-13 01:18:29'),
	(17, 18, 16, 'Maintenance of Data Management and Repository', 'Activity', '01', 1, '2026-04-13 01:18:29', '2026-04-13 01:18:29'),
	(18, 18, 16, 'Provision of Consultancy Services for Data Privacy Act of 2012', 'Activity', '02', 1, '2026-04-13 01:18:29', '2026-04-13 01:18:29'),
	(19, 18, 2, 'PGLU Infrastructure and Connectivity Management', 'Project', '03', 1, '2026-04-13 01:18:30', '2026-04-13 01:18:30'),
	(20, 18, 19, 'Maintenance of PGLU Server and Network Connectivity Resources', 'Activity', '01', 1, '2026-04-13 01:18:30', '2026-04-13 01:18:30'),
	(21, 18, 19, 'Subscription to Interest Service Provider (ISP)', 'Activity', '02', 1, '2026-04-13 01:18:30', '2026-04-13 01:18:30'),
	(22, 18, 19, 'Maintenance for Hardware and Software Resource', 'Activity', '03', 1, '2026-04-13 01:18:30', '2026-04-13 01:18:30'),
	(23, 18, 19, 'Subscription of Web Conference Tool (Zoom Web Conferencing)', 'Activity', '04', 1, '2026-04-13 01:18:30', '2026-04-13 01:18:30'),
	(24, 18, 19, 'Maintenance for PBX Communication Equipment', 'Activity', '05', 1, '2026-04-13 01:18:30', '2026-04-13 01:18:30'),
	(25, 18, 19, 'La Union Peace and Order System (Maintenance for La Union Wireless Province-Wide Mish High Speed Local Network Backbone Phase 1 - Radios/Relays)', 'Activity', '06', 1, '2026-04-13 01:18:30', '2026-04-13 01:18:30'),
	(26, 18, 19, 'PGLU ICT Resources Management', 'Activity', '07', 1, '2026-04-13 01:18:30', '2026-04-13 01:18:30'),
	(27, 18, 19, 'PGLU Cloud and Network Security', 'Activity', '08', 1, '2026-04-13 01:18:30', '2026-04-13 01:18:30'),
	(28, 18, 2, 'ICT Memberships, Trainings and Conferences', 'Project', '04', 1, '2026-04-13 01:18:30', '2026-04-13 01:18:30'),
	(29, 18, 28, 'Capacity Training for PGLU IT Focal Person', 'Activity', '01', 1, '2026-04-13 01:18:30', '2026-04-13 01:18:30'),
	(30, 18, 28, 'Capacity Training for PGLU Heads and Administrative Officers for Data Privacy Act of 2012', 'Activity', '02', 1, '2026-04-13 01:18:30', '2026-04-13 01:18:30'),
	(31, 18, 28, 'Capacity Training for PGLU Employees for Online Applications', 'Activity', '03', 1, '2026-04-13 01:18:30', '2026-04-13 01:18:30'),
	(32, 18, 28, 'Capacity Training for ICT Skills Development for LGUs', 'Activity', '04', 1, '2026-04-13 01:18:30', '2026-04-13 01:18:30'),
	(33, 18, 28, 'Conduct of National ICT Month Celebration (Proclamation Number 1521, Series of 2008)', 'Activity', '05', 1, '2026-04-13 01:18:30', '2026-04-13 01:18:30'),
	(34, 18, 28, 'Annual Membership for World Smart Sustainable Cities Organization', 'Activity', '06', 1, '2026-04-13 01:18:30', '2026-04-13 01:18:30'),
	(35, 18, 2, 'La Union Peace and Order Systems (LUPOS)', 'Project', '05', 1, '2026-04-13 01:18:30', '2026-04-13 01:18:30'),
	(36, 18, 35, 'LBP Loan Amortizations (Establishment of the Province-wide Mesh High Speed Local Network Backbone) @6.00% p.a.', 'Activity', '01', 1, '2026-04-13 01:18:30', '2026-04-13 01:18:30'),
	(37, 18, 35, 'LBP Loan Amortizations (Implementation of the La Union Peace, Order, and Public Safety System-Phase II) @6.25% p.a.', 'Activity', '02', 1, '2026-04-13 01:18:30', '2026-04-13 01:18:30'),
	(38, 18, 2, 'Information Systems Strategic Plan (ISSP)', 'Project', '06', 1, '2026-04-13 01:18:30', '2026-04-13 01:18:30'),
	(39, 18, 38, 'Creation and Meeting of Steering Committee and Technical Working Group', 'Activity', '01', 1, '2026-04-13 01:18:30', '2026-04-13 01:18:30'),
	(40, 18, 38, 'Writeshop/Formulation of ISSP 2025 to 2028', 'Activity', '02', 1, '2026-04-13 01:18:30', '2026-04-13 01:18:30'),
	(41, 18, NULL, 'Strategic Activities', 'Program', '003', 1, '2026-04-13 01:18:30', '2026-04-13 01:18:30'),
	(42, 18, 41, 'AgriDigitization (Agri-Marketplace) LU Ordinance No. 423-2023 SP Resolution 194-2022', 'Project', '01', 1, '2026-04-13 01:18:30', '2026-04-13 01:18:30'),
	(43, 18, 42, 'Mock Activity 1 for AgriDigitization (Agri-Marketp...', 'Activity', '01', 1, '2026-04-13 01:18:30', '2026-04-13 01:18:30'),
	(44, 18, 42, 'Mock Activity 2 for AgriDigitization (Agri-Marketp...', 'Activity', '02', 1, '2026-04-13 01:18:30', '2026-04-13 01:18:30'),
	(45, 18, 41, 'La Union ICT Council (LUICTC) LU Ordinance No. 443-2024', 'Project', '02', 1, '2026-04-13 01:18:30', '2026-04-13 01:18:30'),
	(46, 18, 45, 'Mock Activity 1 for La Union ICT Council (LUICTC) ...', 'Activity', '01', 1, '2026-04-13 01:18:30', '2026-04-13 01:18:30'),
	(47, 18, 45, 'Mock Activity 2 for La Union ICT Council (LUICTC) ...', 'Activity', '02', 1, '2026-04-13 01:18:30', '2026-04-13 01:18:30'),
	(48, 18, NULL, 'Capacity Building Programs', 'Program', '004', 1, '2026-04-13 01:18:30', '2026-04-13 01:18:30'),
	(49, 18, 48, 'Capacity Development Program for ICTU Personnel and Attendance to ICT Commits, Conferences, and Awarding Ceremony', 'Project', '01', 1, '2026-04-13 01:18:30', '2026-04-13 01:18:30'),
	(50, 18, 49, 'Mock Activity 1 for Capacity Development Program f...', 'Activity', '01', 1, '2026-04-13 01:18:30', '2026-04-13 01:18:30'),
	(51, 18, 49, 'Mock Activity 2 for Capacity Development Program f...', 'Activity', '02', 1, '2026-04-13 01:18:30', '2026-04-13 01:18:30'),
	(52, 18, 48, 'Conduct of Benchmarking and Best ICT Sharing', 'Project', '02', 1, '2026-04-13 01:18:30', '2026-04-13 01:18:30'),
	(53, 18, 52, 'Mock Activity 1 for Conduct of Benchmarking and Be...', 'Activity', '01', 1, '2026-04-13 01:18:30', '2026-04-13 01:18:30'),
	(54, 18, 52, 'Mock Activity 2 for Conduct of Benchmarking and Be...', 'Activity', '02', 1, '2026-04-13 01:18:30', '2026-04-13 01:18:30'),
	(55, 18, NULL, 'Administrative Support Services', 'Program', '005', 1, '2026-04-13 01:18:30', '2026-04-13 01:18:30'),
	(56, 18, 55, 'Office Administration', 'Project', '01', 1, '2026-04-13 01:18:30', '2026-04-13 01:18:30'),
	(57, 18, 56, 'Preparation and Assessment of Work Program and Budget and other Office Reports/Plans', 'Activity', '01', 1, '2026-04-13 01:18:30', '2026-04-13 01:18:30'),
	(58, 18, 56, 'Conduct of Monthly Staff and WIG Meeting cum Staff Development Session', 'Activity', '02', 1, '2026-04-13 01:18:30', '2026-04-13 01:18:30'),
	(59, 18, 56, 'Sustainability of ISO Implementation', 'Activity', '03', 1, '2026-04-13 01:18:30', '2026-04-13 01:18:30'),
	(60, 18, 56, 'Review of Communications', 'Activity', '04', 1, '2026-04-13 01:18:30', '2026-04-13 01:18:30'),
	(61, 18, 55, 'Human Resource Management Services', 'Project', '02', 1, '2026-04-13 01:18:30', '2026-04-13 01:18:30'),
	(62, 18, 61, 'SPMS Preparation', 'Activity', '01', 1, '2026-04-13 01:18:30', '2026-04-13 01:18:30'),
	(63, 18, 61, 'Preparation/Updating of Individual Development Plan (IDP)', 'Activity', '02', 1, '2026-04-13 01:18:30', '2026-04-13 01:18:30'),
	(64, 18, 61, 'Preparation of Statement of Assets, Liabilities, and Net Worth (SALN)', 'Activity', '03', 1, '2026-04-13 01:18:30', '2026-04-13 01:18:30'),
	(65, 18, 61, 'Preparation of Personnel Discipline Report', 'Activity', '04', 1, '2026-04-13 01:18:30', '2026-04-13 01:18:30'),
	(66, 18, 55, 'Records Management', 'Project', '03', 1, '2026-04-13 01:18:30', '2026-04-13 01:18:30'),
	(67, 18, 66, 'Updating and Management of All Records', 'Activity', '01', 1, '2026-04-13 01:18:30', '2026-04-13 01:18:30'),
	(68, 18, 66, 'Management of all Incoming and Outgoing Communications', 'Activity', '02', 1, '2026-04-13 01:18:30', '2026-04-13 01:18:30'),
	(69, 18, 55, 'Management of All Financial Documents', 'Project', '04', 1, '2026-04-13 01:18:30', '2026-04-13 01:18:30'),
	(70, 18, 69, 'Mock Activity 1 for Management of All Financial Do...', 'Activity', '01', 1, '2026-04-13 01:18:30', '2026-04-13 01:18:30'),
	(71, 18, 69, 'Mock Activity 2 for Management of All Financial Do...', 'Activity', '02', 1, '2026-04-13 01:18:30', '2026-04-13 01:18:30'),
	(72, 18, 55, 'General Administrative Services', 'Project', '05', 1, '2026-04-13 01:18:30', '2026-04-13 01:18:30'),
	(73, 18, 72, 'Janitorial Services', 'Activity', '01', 1, '2026-04-13 01:18:30', '2026-04-13 01:18:30'),
	(74, 18, 72, 'Transport Service', 'Activity', '02', 1, '2026-04-13 01:18:30', '2026-04-13 01:18:30'),
	(75, 18, 72, 'ICT and Office Equipment', 'Activity', '03', 1, '2026-04-13 01:18:30', '2026-04-13 01:18:30'),
	(76, 18, 72, 'Preparation of Supplies and ICT Equipment Inventory Report', 'Activity', '04', 1, '2026-04-13 01:18:30', '2026-04-13 01:18:30'),
	(77, 18, 72, 'Subscription to Telecommunication Postpaid Plans', 'Activity', '05', 1, '2026-04-13 01:18:30', '2026-04-13 01:18:30'),
	(78, 18, 72, 'Provision of Menstruation Day Privilege Governor\'s Executive Order (EO) 25, S. 2022', 'Activity', '06', 1, '2026-04-13 01:18:30', '2026-04-13 01:18:30');

-- Dumping structure for table leap_db.ppmp_categories
CREATE TABLE IF NOT EXISTS `ppmp_categories` (
  `id` bigint(20) unsigned NOT NULL AUTO_INCREMENT,
  `name` varchar(100) NOT NULL,
  `created_at` timestamp NULL DEFAULT NULL,
  `updated_at` timestamp NULL DEFAULT NULL,
  PRIMARY KEY (`id`)
) ENGINE=InnoDB AUTO_INCREMENT=32 DEFAULT CHARSET=utf8mb4 COLLATE=utf8mb4_unicode_ci;

-- Dumping data for table leap_db.ppmp_categories: ~31 rows (approximately)
INSERT INTO `ppmp_categories` (`id`, `name`, `created_at`, `updated_at`) VALUES
	(1, 'Accountable Forms', '2026-04-13 01:18:28', '2026-04-13 01:18:28'),
	(2, 'Advertising', '2026-04-13 01:18:28', '2026-04-13 01:18:28'),
	(3, 'Beverages', '2026-04-13 01:18:28', '2026-04-13 01:18:28'),
	(4, 'Carpentry Tools and Equipment', '2026-04-13 01:18:28', '2026-04-13 01:18:28'),
	(5, 'Carpentry Supplies', '2026-04-13 01:18:28', '2026-04-13 01:18:28'),
	(6, 'Computer Supplies', '2026-04-13 01:18:28', '2026-04-13 01:18:28'),
	(7, 'Computer Ink and Toner', '2026-04-13 01:18:28', '2026-04-13 01:18:28'),
	(8, 'Computer Supplies (Kyocera)', '2026-04-13 01:18:28', '2026-04-13 01:18:28'),
	(9, 'Computer Supplies (Canon)', '2026-04-13 01:18:28', '2026-04-13 01:18:28'),
	(10, 'Computer Supplies (Duplo)', '2026-04-13 01:18:28', '2026-04-13 01:18:28'),
	(11, 'Computer Supplies (Lexmark)', '2026-04-13 01:18:28', '2026-04-13 01:18:28'),
	(12, 'Computer Supplies (Sharp)', '2026-04-13 01:18:28', '2026-04-13 01:18:28'),
	(13, 'Computer Supplies (Neo Brand)', '2026-04-13 01:18:28', '2026-04-13 01:18:28'),
	(14, 'Electrical Supplies', '2026-04-13 01:18:28', '2026-04-13 01:18:28'),
	(15, 'Electrical Tools', '2026-04-13 01:18:28', '2026-04-13 01:18:28'),
	(16, 'Electrical Equipment', '2026-04-13 01:18:28', '2026-04-13 01:18:28'),
	(17, 'Fuel, Oil, and Lubricants', '2026-04-13 01:18:28', '2026-04-13 01:18:28'),
	(18, 'Janitorial Supplies', '2026-04-13 01:18:28', '2026-04-13 01:18:28'),
	(19, 'Gardening Supplies & Tools', '2026-04-13 01:18:28', '2026-04-13 01:18:28'),
	(20, 'Plumbing Supplies', '2026-04-13 01:18:28', '2026-04-13 01:18:28'),
	(21, 'Plumbing Tools', '2026-04-13 01:18:28', '2026-04-13 01:18:28'),
	(22, 'Office Supplies', '2026-04-13 01:18:28', '2026-04-13 01:18:28'),
	(23, 'Postage & Courier Service', '2026-04-13 01:18:28', '2026-04-13 01:18:28'),
	(24, 'Printing & Publication', '2026-04-13 01:18:28', '2026-04-13 01:18:28'),
	(25, 'Buffet Meals and Snacks (For OPG, OVG, OSP, and ADM only)', '2026-04-13 01:18:28', '2026-04-13 01:18:28'),
	(26, 'Meals and Snacks (Other Offices)', '2026-04-13 01:18:28', '2026-04-13 01:18:28'),
	(27, 'Trophies, Plaques & Medals', '2026-04-13 01:18:28', '2026-04-13 01:18:28'),
	(28, 'Sports Supplies', '2026-04-13 01:18:28', '2026-04-13 01:18:28'),
	(29, 'Tokens/Souvenirs', '2026-04-13 01:18:28', '2026-04-13 01:18:28'),
	(30, 'General Welfare Goods', '2026-04-13 01:18:28', '2026-04-13 01:18:28'),
	(31, 'ICT Equipment', '2026-04-13 01:18:28', '2026-04-13 01:18:28');

-- Dumping structure for table leap_db.ppmp_price_lists
CREATE TABLE IF NOT EXISTS `ppmp_price_lists` (
  `id` bigint(20) unsigned NOT NULL AUTO_INCREMENT,
  `item_number` int(11) NOT NULL,
  `description` text NOT NULL,
  `unit_of_measurement` varchar(20) NOT NULL,
  `price` decimal(19,2) NOT NULL,
  `ppmp_category_id` bigint(20) unsigned NOT NULL,
  `chart_of_account_id` bigint(20) unsigned NOT NULL,
  `created_at` timestamp NULL DEFAULT NULL,
  `updated_at` timestamp NULL DEFAULT NULL,
  PRIMARY KEY (`id`),
  UNIQUE KEY `ppmp_price_lists_item_number_unique` (`item_number`),
  KEY `ppmp_price_lists_ppmp_category_id_foreign` (`ppmp_category_id`),
  KEY `ppmp_price_lists_chart_of_account_id_foreign` (`chart_of_account_id`),
  CONSTRAINT `ppmp_price_lists_chart_of_account_id_foreign` FOREIGN KEY (`chart_of_account_id`) REFERENCES `chart_of_accounts` (`id`),
  CONSTRAINT `ppmp_price_lists_ppmp_category_id_foreign` FOREIGN KEY (`ppmp_category_id`) REFERENCES `ppmp_categories` (`id`)
) ENGINE=InnoDB AUTO_INCREMENT=1050 DEFAULT CHARSET=utf8mb4 COLLATE=utf8mb4_unicode_ci;

-- Dumping data for table leap_db.ppmp_price_lists: ~1,049 rows (approximately)
INSERT INTO `ppmp_price_lists` (`id`, `item_number`, `description`, `unit_of_measurement`, `price`, `ppmp_category_id`, `chart_of_account_id`, `created_at`, `updated_at`) VALUES
	(1, 1, 'Accountable Forms #51 - Official Receipt w/ La Union & RP Seal', 'pad', 148.00, 1, 33, '2026-04-13 01:18:30', '2026-04-13 01:18:30'),
	(2, 2, 'Accountable Forms #52 - Certificate of Record of Transfer of Large Cattle', 'pad', 253.00, 1, 33, '2026-04-13 01:18:30', '2026-04-13 01:18:30'),
	(3, 3, 'Accountable Forms #53 - Certificate of Ownership of Large Cattle', 'pad', 223.00, 1, 33, '2026-04-13 01:18:30', '2026-04-13 01:18:30'),
	(4, 4, 'Accountable Forms #54 - Marriage License', 'pad', 303.00, 1, 33, '2026-04-13 01:18:30', '2026-04-13 01:18:30'),
	(5, 5, 'Accountable Forms #56 - Real Property Tax Receipt', 'pad', 300.00, 1, 33, '2026-04-13 01:18:30', '2026-04-13 01:18:30'),
	(6, 6, 'Accountable Forms #57 - Slaughter Permit & Fee Receipt', 'pad', 148.00, 1, 33, '2026-04-13 01:18:30', '2026-04-13 01:18:30'),
	(7, 7, 'Accountable Forms #58 - City/Municipal Burial Permit and Fee Receipt', 'pad', 140.00, 1, 33, '2026-04-13 01:18:30', '2026-04-13 01:18:30'),
	(8, 8, 'Annual Fix Tax Stickers', 'pc', 44.00, 1, 33, '2026-04-13 01:18:30', '2026-04-13 01:18:30'),
	(9, 9, 'Cash Tickets @ P2.00', 'pad', 123.00, 1, 33, '2026-04-13 01:18:30', '2026-04-13 01:18:30'),
	(10, 10, 'Cash Tickets @ P5.00', 'pad', 144.00, 1, 33, '2026-04-13 01:18:30', '2026-04-13 01:18:30'),
	(11, 11, 'Cash Tickets @10.00', 'pad', 144.00, 1, 33, '2026-04-13 01:18:30', '2026-04-13 01:18:30'),
	(12, 12, 'Community Tax Certificate, Corporation, CTC #0017', 'pad', 113.00, 1, 33, '2026-04-13 01:18:30', '2026-04-13 01:18:30'),
	(13, 13, 'Community Tax Certificate, Individual, CTC #0016', 'pad', 81.00, 1, 33, '2026-04-13 01:18:30', '2026-04-13 01:18:30'),
	(14, 14, 'Delivery Receipts', 'pad', 124.00, 1, 33, '2026-04-13 01:18:30', '2026-04-13 01:18:30'),
	(15, 15, 'Municipal Form No. 102 - Certificate of Live Birth', 'pad', 336.00, 1, 33, '2026-04-13 01:18:30', '2026-04-13 01:18:30'),
	(16, 16, 'Municipal Form No. 103 A - Certificate of Fetal Death', 'pad', 297.00, 1, 33, '2026-04-13 01:18:30', '2026-04-13 01:18:30'),
	(17, 17, 'Municipal Forn No. 103 - Certificate of Death', 'pad', 336.00, 1, 33, '2026-04-13 01:18:30', '2026-04-13 01:18:30'),
	(18, 18, 'Provincial Ordinance Violation Receipt', 'pad', 107.00, 1, 33, '2026-04-13 01:18:30', '2026-04-13 01:18:30'),
	(19, 19, 'Veterinary Health Certificate, 50pcs', 'pad', 270.00, 1, 33, '2026-04-13 01:18:30', '2026-04-13 01:18:30'),
	(20, 20, 'Veterinary Shipping Permit, 50pcs', 'pad', 270.00, 1, 33, '2026-04-13 01:18:30', '2026-04-13 01:18:30'),
	(21, 21, 'Newspaper Advertisement, National, (1 column X 40cm)', 'per column x 40 cm.', 15972.00, 2, 93, '2026-04-13 01:18:30', '2026-04-13 01:18:30'),
	(22, 22, 'Newspaper Advertisement, Local, (1 page)', 'page', 33275.00, 2, 93, '2026-04-13 01:18:30', '2026-04-13 01:18:30'),
	(23, 23, 'Advertising Expenses', 'lot', 220000.00, 2, 93, '2026-04-13 01:18:30', '2026-04-13 01:18:30'),
	(24, 24, 'National Newspaper (3 main publications)', 'copies', 275000.00, 2, 93, '2026-04-13 01:18:30', '2026-04-13 01:18:30'),
	(25, 25, 'Publication / advertisement', 'lot', 82500.00, 2, 93, '2026-04-13 01:18:30', '2026-04-13 01:18:30'),
	(26, 26, 'Publication of enacted ordinance and resolutions', 'lot', 165000.00, 2, 93, '2026-04-13 01:18:30', '2026-04-13 01:18:30'),
	(27, 27, 'Radio Advertisement', 'lot', 16500.00, 2, 93, '2026-04-13 01:18:30', '2026-04-13 01:18:30'),
	(28, 28, 'Radio Advertising Expense', 'lot', 11000.00, 2, 93, '2026-04-13 01:18:31', '2026-04-13 01:18:31'),
	(29, 29, 'Chocolate powdered drink, 24g', 'sachet', 17.00, 3, 95, '2026-04-13 01:18:31', '2026-04-13 01:18:31'),
	(30, 30, 'Coffee bean, whole, arabica, 1kg', 'pack', 3050.00, 3, 95, '2026-04-13 01:18:31', '2026-04-13 01:18:31'),
	(31, 31, 'Fresh milk, 1000ml', 'pack', 122.00, 3, 95, '2026-04-13 01:18:31', '2026-04-13 01:18:31'),
	(32, 32, 'Juice, 250ml', 'tetra pack', 26.00, 3, 95, '2026-04-13 01:18:31', '2026-04-13 01:18:31'),
	(33, 33, 'Juice, 330ml', 'btl', 33.00, 3, 95, '2026-04-13 01:18:31', '2026-04-13 01:18:31'),
	(34, 34, 'Softdrinks, 190ml', 'btl', 13.00, 3, 95, '2026-04-13 01:18:31', '2026-04-13 01:18:31'),
	(35, 35, 'Water, bottled, 350ml (40 bottles per case)', 'case', 330.00, 3, 95, '2026-04-13 01:18:31', '2026-04-13 01:18:31'),
	(36, 36, 'Water, bottled, 500ml', 'btl', 18.00, 3, 95, '2026-04-13 01:18:31', '2026-04-13 01:18:31'),
	(37, 37, 'Angle grinder, portable', 'unit', 4906.00, 4, 47, '2026-04-13 01:18:31', '2026-04-13 01:18:31'),
	(38, 38, 'Combination wrench (10, 12, 14, 17, 19, 22, 24)', 'set', 600.00, 4, 47, '2026-04-13 01:18:31', '2026-04-13 01:18:31'),
	(39, 39, 'Drill, Impact Drill (13Mm) with 22 pcs.', 'unit', 4830.00, 4, 47, '2026-04-13 01:18:31', '2026-04-13 01:18:31'),
	(40, 40, 'Plier with side cutter', 'pc', 599.00, 4, 47, '2026-04-13 01:18:31', '2026-04-13 01:18:31'),
	(41, 41, 'Screw driver (Phillips and Flat head interchangeable)', 'set', 320.00, 4, 47, '2026-04-13 01:18:31', '2026-04-13 01:18:31'),
	(42, 42, 'Socket Wrench 8mm-24mm w/ handle', 'pc', 3800.00, 4, 47, '2026-04-13 01:18:31', '2026-04-13 01:18:31'),
	(43, 43, 'Adhesive, silicon, clear, 300ml', 'tube', 329.00, 5, 47, '2026-04-13 01:18:31', '2026-04-13 01:18:31'),
	(44, 44, 'Brush, baby roller with tray, 4"', 'set', 146.00, 5, 47, '2026-04-13 01:18:31', '2026-04-13 01:18:31'),
	(45, 45, 'Brush paint, 1"', 'pc', 45.00, 5, 47, '2026-04-13 01:18:31', '2026-04-13 01:18:31'),
	(46, 46, 'Brush paint, 2"', 'pc', 97.00, 5, 47, '2026-04-13 01:18:31', '2026-04-13 01:18:31'),
	(47, 47, 'Brush paint, 3"', 'pc', 125.00, 5, 47, '2026-04-13 01:18:31', '2026-04-13 01:18:31'),
	(48, 48, 'Circular saw blade for wood, 8"', 'pc', 987.00, 5, 47, '2026-04-13 01:18:31', '2026-04-13 01:18:31'),
	(49, 49, 'Circular saw blade w/ diamond 20cm Ø', 'pc', 866.00, 5, 47, '2026-04-13 01:18:31', '2026-04-13 01:18:31'),
	(50, 50, 'Door knob', 'set', 515.00, 5, 47, '2026-04-13 01:18:31', '2026-04-13 01:18:31'),
	(51, 51, 'Drill bit hi-speed, for concrete, 1/2"', 'pc', 482.00, 5, 47, '2026-04-13 01:18:31', '2026-04-13 01:18:31'),
	(52, 52, 'Drill bit hi-speed, for concrete, 1/4"', 'pc', 194.00, 5, 47, '2026-04-13 01:18:31', '2026-04-13 01:18:31'),
	(53, 53, 'Drill bit hi-speed, for concrete, 1/8"', 'pc', 157.00, 5, 47, '2026-04-13 01:18:31', '2026-04-13 01:18:31'),
	(54, 54, 'Drill bit hi-speed, for concrete, 3/16"', 'pc', 207.00, 5, 47, '2026-04-13 01:18:31', '2026-04-13 01:18:31'),
	(55, 55, 'Drill bit hi-speed, for concrete, 5/16"', 'pc', 359.00, 5, 47, '2026-04-13 01:18:31', '2026-04-13 01:18:31'),
	(56, 56, 'Drill bit hi-speed, for metal, 1/16"', 'pc', 49.00, 5, 47, '2026-04-13 01:18:31', '2026-04-13 01:18:31'),
	(57, 57, 'Drill bit hi-speed, for metal, 1/4"', 'pc', 158.00, 5, 47, '2026-04-13 01:18:31', '2026-04-13 01:18:31'),
	(58, 58, 'Drill bit hi-speed, for metal, 1/8"', 'pc', 83.00, 5, 47, '2026-04-13 01:18:31', '2026-04-13 01:18:31'),
	(59, 59, 'Drill bit hi-speed, for metal, 3/16"', 'pc', 121.00, 5, 47, '2026-04-13 01:18:31', '2026-04-13 01:18:31'),
	(60, 60, 'Drill bit hi-speed, for metal, 5/16"', 'pc', 226.00, 5, 47, '2026-04-13 01:18:31', '2026-04-13 01:18:31'),
	(61, 61, 'Ecowood Framing, 2"x3"x12\'', 'pc', 620.00, 5, 47, '2026-04-13 01:18:31', '2026-04-13 01:18:31'),
	(62, 62, 'GI tie wire, #16', 'kilo', 186.00, 5, 47, '2026-04-13 01:18:31', '2026-04-13 01:18:31'),
	(63, 63, 'Grinding disc, 4"', 'pc', 51.00, 5, 47, '2026-04-13 01:18:31', '2026-04-13 01:18:31'),
	(64, 64, 'Gypsum screw, 1"', 'pc', 7.00, 5, 47, '2026-04-13 01:18:31', '2026-04-13 01:18:31'),
	(65, 65, 'Hacksaw blade', 'pc', 98.00, 5, 47, '2026-04-13 01:18:31', '2026-04-13 01:18:31'),
	(66, 66, 'Hammer', 'pc', 258.00, 5, 47, '2026-04-13 01:18:31', '2026-04-13 01:18:31'),
	(67, 67, 'Latex, flat (White), 1 gal', 'can', 695.00, 5, 47, '2026-04-13 01:18:31', '2026-04-13 01:18:31'),
	(68, 68, 'Latex, gloss (White), 1 gal', 'can', 931.00, 5, 47, '2026-04-13 01:18:31', '2026-04-13 01:18:31'),
	(69, 69, 'Latex, semi-gloss (White), 1 gal', 'can', 1086.00, 5, 47, '2026-04-13 01:18:31', '2026-04-13 01:18:31'),
	(70, 70, 'Lock, drawer', 'pc', 503.00, 5, 47, '2026-04-13 01:18:31', '2026-04-13 01:18:31'),
	(71, 71, 'Lumber, 2"x2"x10\'', 'pc', 463.00, 5, 47, '2026-04-13 01:18:31', '2026-04-13 01:18:31'),
	(72, 72, 'Nail, Common wire, assorted size', 'kl', 119.00, 5, 47, '2026-04-13 01:18:31', '2026-04-13 01:18:31'),
	(73, 73, 'Nail, finishing, 1 1/2"', 'kl', 84.00, 5, 47, '2026-04-13 01:18:31', '2026-04-13 01:18:31'),
	(74, 74, 'Nail, finishing, 1"', 'kl', 123.00, 5, 47, '2026-04-13 01:18:31', '2026-04-13 01:18:31'),
	(75, 75, 'Nail, finishing, 2"', 'kl', 168.00, 5, 47, '2026-04-13 01:18:31', '2026-04-13 01:18:31'),
	(76, 76, 'Nail, finishing, 3"', 'kl', 121.00, 5, 47, '2026-04-13 01:18:31', '2026-04-13 01:18:31'),
	(77, 77, 'Paint, lacquer, white, 1gal', 'can', 1438.00, 5, 47, '2026-04-13 01:18:31', '2026-04-13 01:18:31'),
	(78, 78, 'Paint, latex, blue, 1gal', 'can', 1024.00, 5, 47, '2026-04-13 01:18:31', '2026-04-13 01:18:31'),
	(79, 79, 'Paint, latex, blue, 1L', 'can', 221.00, 5, 47, '2026-04-13 01:18:31', '2026-04-13 01:18:31'),
	(80, 80, 'Paint, latex, red, 1gal', 'can', 1051.00, 5, 47, '2026-04-13 01:18:31', '2026-04-13 01:18:31'),
	(81, 81, 'Paint, latex, red, 1L', 'can', 221.00, 5, 47, '2026-04-13 01:18:31', '2026-04-13 01:18:31'),
	(82, 82, 'Paint, latex, yellow, 1L', 'can', 221.00, 5, 47, '2026-04-13 01:18:31', '2026-04-13 01:18:31'),
	(83, 83, 'Plywood, 3/4"x4\'x8\' Marine', 'pc', 2426.00, 5, 47, '2026-04-13 01:18:31', '2026-04-13 01:18:31'),
	(84, 84, 'Plywood, marine, 1/4"', 'pc', 588.00, 5, 47, '2026-04-13 01:18:31', '2026-04-13 01:18:31'),
	(85, 85, 'Plywood, ordinary, 1/2"x4\'x 8\'\'', 'pc', 895.00, 5, 47, '2026-04-13 01:18:31', '2026-04-13 01:18:31'),
	(86, 86, 'Putty, Lacquer, white, 1gal', 'gal', 1428.00, 5, 47, '2026-04-13 01:18:31', '2026-04-13 01:18:31'),
	(87, 87, 'Putty, masonry, 1gal', 'can', 456.00, 5, 47, '2026-04-13 01:18:31', '2026-04-13 01:18:31'),
	(88, 88, 'Sand paper, # 220', 'pc', 25.00, 5, 47, '2026-04-13 01:18:31', '2026-04-13 01:18:31'),
	(89, 89, 'Sealant, elastomeric, Any Color, 250ml', 'can', 329.00, 5, 47, '2026-04-13 01:18:31', '2026-04-13 01:18:31'),
	(90, 90, 'Stopa Cloth', 'kg', 139.00, 5, 47, '2026-04-13 01:18:31', '2026-04-13 01:18:31'),
	(91, 91, 'Super White, Paint', 'gal', 2130.00, 5, 47, '2026-04-13 01:18:31', '2026-04-13 01:18:31'),
	(92, 92, 'Thinner, lacquer, 1 gal', 'gal', 834.00, 5, 47, '2026-04-13 01:18:31', '2026-04-13 01:18:31'),
	(93, 93, 'Thinner, paint, 1 gal', 'gal', 504.00, 5, 47, '2026-04-13 01:18:31', '2026-04-13 01:18:31'),
	(94, 94, 'Tinting oil,  1/4 ltr. Raw Sienna', 'can', 133.00, 5, 47, '2026-04-13 01:18:31', '2026-04-13 01:18:31'),
	(95, 95, 'Tinting oil, 1/4 ltr. Burnt Sienna', 'can', 133.00, 5, 47, '2026-04-13 01:18:31', '2026-04-13 01:18:31'),
	(96, 96, 'Wood varnish, clear', 'gal', 1122.00, 5, 47, '2026-04-13 01:18:31', '2026-04-13 01:18:31'),
	(97, 97, 'Claw hammer- size: 20 OZ', 'pc', 485.00, 5, 47, '2026-04-13 01:18:31', '2026-04-13 01:18:31'),
	(98, 98, 'Hacksaw with frame 12"', 'pc', 285.00, 5, 47, '2026-04-13 01:18:31', '2026-04-13 01:18:31'),
	(99, 99, 'Hacksaw blade 12"', 'pc', 218.00, 5, 47, '2026-04-13 01:18:31', '2026-04-13 01:18:31'),
	(100, 100, 'Anti-Static steel brush for cleaning tools', 'pc', 110.00, 5, 47, '2026-04-13 01:18:31', '2026-04-13 01:18:31'),
	(101, 101, 'Caution Tape, 300m', 'roll', 575.00, 5, 47, '2026-04-13 01:18:31', '2026-04-13 01:18:31'),
	(102, 102, 'Grinder Cutter 100x60x16 heavy duty (disk only)', 'pc', 255.00, 5, 47, '2026-04-13 01:18:31', '2026-04-13 01:18:31'),
	(103, 103, '122-in-1 Precision Screw Driver Set Magnetic (Precision Tool)', 'unit', 897.00, 6, 32, '2026-04-13 01:18:31', '2026-04-13 01:18:31'),
	(104, 104, '13-in-1 Type-C Laptop & Macbook Docking Station', 'unit', 3435.00, 6, 32, '2026-04-13 01:18:31', '2026-04-13 01:18:31'),
	(105, 105, '1TB SSD', 'unit', 11935.00, 6, 32, '2026-04-13 01:18:31', '2026-04-13 01:18:31'),
	(106, 106, '2 Type C Hub Converter 6 in 1 Adopter', 'pc', 638.00, 6, 32, '2026-04-13 01:18:31', '2026-04-13 01:18:31'),
	(107, 107, '2-in-1 Cable Crimper Plier for RJ11, 12, 45 with LAN Tester Built-In', 'pc', 2909.00, 6, 32, '2026-04-13 01:18:31', '2026-04-13 01:18:31'),
	(108, 108, '2.5" SSD 2TB - mlc chip', 'pc', 13750.00, 6, 32, '2026-04-13 01:18:31', '2026-04-13 01:18:31'),
	(109, 109, '250GB SSD Sata', 'pc', 2624.00, 6, 32, '2026-04-13 01:18:31', '2026-04-13 01:18:31'),
	(110, 110, '25W Travel Adapter USB Type-C Interface', 'pc', 1224.00, 6, 32, '2026-04-13 01:18:31', '2026-04-13 01:18:31'),
	(111, 111, '3 Socket Plug Adapter', 'pc', 89.00, 6, 32, '2026-04-13 01:18:31', '2026-04-13 01:18:31'),
	(112, 112, '4-Port HDMI Amplifier Splitter (1-in 4-Out)', 'unit', 2654.00, 6, 32, '2026-04-13 01:18:31', '2026-04-13 01:18:31'),
	(113, 113, '480 GB M.2 NVME', 'unit', 7992.00, 6, 32, '2026-04-13 01:18:31', '2026-04-13 01:18:31'),
	(114, 114, '64 GB UHS-II / V60 / U3 / Class 10', 'unit', 2324.00, 6, 32, '2026-04-13 01:18:31', '2026-04-13 01:18:31'),
	(115, 115, '659466 YMCKO 5 Panel Colored Ribbon 250 images', 'roll', 8140.00, 6, 32, '2026-04-13 01:18:31', '2026-04-13 01:18:31'),
	(116, 116, '80mm PC fan', 'pc', 693.00, 6, 32, '2026-04-13 01:18:31', '2026-04-13 01:18:31'),
	(117, 117, '8TB NAS HDD', 'pc', 10989.00, 6, 32, '2026-04-13 01:18:31', '2026-04-13 01:18:31'),
	(118, 118, 'AC AP Outdoor (Unifi)', 'unit', 10754.00, 6, 32, '2026-04-13 01:18:31', '2026-04-13 01:18:31'),
	(119, 119, 'All-in-one Multi-card Reader', 'pc', 264.00, 6, 32, '2026-04-13 01:18:31', '2026-04-13 01:18:31'),
	(120, 120, 'Analog Multitester', 'unit', 1430.00, 6, 32, '2026-04-13 01:18:31', '2026-04-13 01:18:31'),
	(121, 121, 'Anti-static mat / grounding mat for pc repair/ 700mm × 500mm × 2mm Anti-Static Mat Ground Wire for Mobile Computer Repair Antistatic Blanket', 'pc', 1320.00, 6, 32, '2026-04-13 01:18:31', '2026-04-13 01:18:31'),
	(122, 122, 'Automatic Voltage Regulator, 500 W, St 500VA (Avr Power Supply for Appliances 220V: Ac / dc 110v, and ac 110v / 120v.)', 'unit', 3570.00, 6, 32, '2026-04-13 01:18:31', '2026-04-13 01:18:31'),
	(123, 123, 'Cable Tie, 4"/100s', 'pack', 239.00, 6, 32, '2026-04-13 01:18:31', '2026-04-13 01:18:31'),
	(124, 124, 'Cable Tie, 6"/100s', 'pack', 239.00, 6, 32, '2026-04-13 01:18:31', '2026-04-13 01:18:31'),
	(125, 125, 'Cable Tie, 8"/100s', 'pack', 223.00, 6, 32, '2026-04-13 01:18:31', '2026-04-13 01:18:31'),
	(126, 126, 'Cable/Wire Ramp, 3ft', 'pc', 4268.00, 6, 32, '2026-04-13 01:18:31', '2026-04-13 01:18:31'),
	(127, 127, 'Canon GL-790, Black Ink', 'bot', 516.00, 6, 32, '2026-04-13 01:18:31', '2026-04-13 01:18:31'),
	(128, 128, 'Canon GL-790, Cyan Ink', 'bot', 516.00, 6, 32, '2026-04-13 01:18:31', '2026-04-13 01:18:31'),
	(129, 129, 'Canon GL-790, Magenta Ink', 'bot', 516.00, 6, 32, '2026-04-13 01:18:31', '2026-04-13 01:18:31'),
	(130, 130, 'Canon GL-790, Yellow Ink', 'bot', 516.00, 6, 32, '2026-04-13 01:18:31', '2026-04-13 01:18:31'),
	(131, 131, 'Canon Image Runner 2006N-Drum and Blade', 'set', 8140.00, 6, 32, '2026-04-13 01:18:31', '2026-04-13 01:18:31'),
	(132, 132, 'Canon Image Runner 2006N-Gear', 'pair', 1881.00, 6, 32, '2026-04-13 01:18:31', '2026-04-13 01:18:31'),
	(133, 133, 'Canon Image Runner 2006N-Toner Cartridge NPG-59', 'pc', 4043.00, 6, 32, '2026-04-13 01:18:31', '2026-04-13 01:18:31'),
	(134, 134, 'Cat6 Passthrough RJ45 1 box (100pcs)', 'box', 21.00, 6, 32, '2026-04-13 01:18:31', '2026-04-13 01:18:31'),
	(135, 135, 'CAT6 UTP CABLE (100m)', 'roll', 2709.00, 6, 32, '2026-04-13 01:18:31', '2026-04-13 01:18:31'),
	(136, 136, 'CD Rewritable (CD-RW) w/ case', 'pc', 112.00, 6, 32, '2026-04-13 01:18:31', '2026-04-13 01:18:31'),
	(137, 137, 'CD Rewritable (CD-RW) without case', 'pc', 63.00, 6, 32, '2026-04-13 01:18:31', '2026-04-13 01:18:31'),
	(138, 138, 'Cleaning Kit', 'pc', 2393.00, 6, 32, '2026-04-13 01:18:31', '2026-04-13 01:18:31'),
	(139, 139, 'Clicker, presenter with bluetooth', 'pc', 2090.00, 6, 32, '2026-04-13 01:18:31', '2026-04-13 01:18:31'),
	(140, 140, 'Computer Cleaner Paste, 250gm', 'pc', 132.00, 6, 32, '2026-04-13 01:18:31', '2026-04-13 01:18:31'),
	(141, 141, 'Contact Cleaner (WD-40)', 'pc', 352.00, 6, 32, '2026-04-13 01:18:31', '2026-04-13 01:18:31'),
	(142, 142, 'Cover for Samsung Tab A9 Plus Cover Case 11 inch, Flip Cover Case for Samsung Galaxy Tab A9 Plus Cover/Tab A9+ Tablet Cover with Translucent Back [Auto Sleep Wake Support] - Black', 'pc', 426.00, 6, 32, '2026-04-13 01:18:31', '2026-04-13 01:18:31'),
	(143, 143, 'CPU Case, Type: Micro ATX / Mini-ITX, Black', 'pc', 3094.00, 6, 32, '2026-04-13 01:18:31', '2026-04-13 01:18:31'),
	(144, 144, 'CPU Power Cord, 3ft', 'pc', 274.00, 6, 32, '2026-04-13 01:18:31', '2026-04-13 01:18:31'),
	(145, 145, 'DDR4, 8GB', 'pc', 1980.00, 6, 32, '2026-04-13 01:18:31', '2026-04-13 01:18:31'),
	(146, 146, 'Developer Toner TN118 / TN116', 'pc', 4521.00, 6, 32, '2026-04-13 01:18:31', '2026-04-13 01:18:31'),
	(147, 147, 'Digital Audio Voice Recorder with 32GB TF card, Rechargeable', 'unit', 4455.00, 6, 32, '2026-04-13 01:18:31', '2026-04-13 01:18:31'),
	(148, 148, 'Digital Multitester, Heavy Duty', 'pc', 4378.00, 6, 32, '2026-04-13 01:18:31', '2026-04-13 01:18:31'),
	(149, 149, 'DisplayPort to HDMI 4K Active Adapter (M/F)', 'pc', 2324.00, 6, 32, '2026-04-13 01:18:31', '2026-04-13 01:18:31'),
	(150, 150, 'DVD Rewritable with case', 'pc', 88.00, 6, 32, '2026-04-13 01:18:31', '2026-04-13 01:18:31'),
	(151, 151, 'Epson Durabrite Pro T05C1, Black, high yield', 'cart', 28870.00, 6, 32, '2026-04-13 01:18:31', '2026-04-13 01:18:31'),
	(152, 152, 'Epson Durabrite Pro T05C2, Cyan, high yield', 'cart', 22083.00, 6, 32, '2026-04-13 01:18:31', '2026-04-13 01:18:31'),
	(153, 153, 'Epson Durabrite Pro T05C3, Magenta, high yield', 'cart', 22083.00, 6, 32, '2026-04-13 01:18:31', '2026-04-13 01:18:31'),
	(154, 154, 'Epson Durabrite Pro T05C4, Yellow, high yield', 'cart', 22083.00, 6, 32, '2026-04-13 01:18:31', '2026-04-13 01:18:31'),
	(155, 155, 'Epson EcoTank L6460 A4 Ink Tank Printer Ink Epson EcoTank L6460 A4 Ink Tank Printer Ink - Pigment Cyan Ink Bottle-008', 'btl', 1031.00, 6, 32, '2026-04-13 01:18:31', '2026-04-13 01:18:31'),
	(156, 156, 'Epson EcoTank L6460 A4 Ink Tank Printer Ink Epson EcoTank L6460 A4 Ink Tank Printer Ink-Pigment Black Ink Bottle-008', 'btl', 1031.00, 6, 32, '2026-04-13 01:18:31', '2026-04-13 01:18:31'),
	(157, 157, 'Epson EcoTank L6460 A4 Ink Tank Printer Ink Epson EcoTank L6460 A4 Ink Tank Printer Ink-Pigment Magenta Ink Bottle-008', 'btl', 1031.00, 6, 32, '2026-04-13 01:18:31', '2026-04-13 01:18:31'),
	(158, 158, 'Epson EcoTank L6460 A4 Ink Tank Printer Ink Epson EcoTank L6460 A4 Ink Tank Printer Ink-Pigment Yellow Ink Bottle-008', 'btl', 1031.00, 6, 32, '2026-04-13 01:18:31', '2026-04-13 01:18:31'),
	(159, 159, 'Epson L6290 Maintenance Box (T04D1/E-04D1)', 'pc', 1447.00, 6, 32, '2026-04-13 01:18:31', '2026-04-13 01:18:31'),
	(160, 160, 'Epson T6716 for WF-C5790 Maintainance Box', 'pc', 2434.00, 6, 32, '2026-04-13 01:18:31', '2026-04-13 01:18:31'),
	(161, 161, 'Epson TM-C3510 blank Synthetic label sticker (10cm x 40m)', 'roll', 5803.00, 6, 32, '2026-04-13 01:18:31', '2026-04-13 01:18:31'),
	(162, 162, 'Epson TM-C3510 Maintenance box', 'pc', 2874.00, 6, 32, '2026-04-13 01:18:31', '2026-04-13 01:18:31'),
	(163, 163, 'EPSON Workforce Maintenance Box for C5790, C5290/T6716 PXMB 8', 'box', 2665.00, 6, 32, '2026-04-13 01:18:31', '2026-04-13 01:18:31'),
	(164, 164, 'External Hard Drive 1TB USB 3.0 Back UP Plus, Slim, Portable HDD', 'pcs', 4202.00, 6, 32, '2026-04-13 01:18:31', '2026-04-13 01:18:31'),
	(165, 165, 'External Hard Drive Shockproof bag case for 1TB slim size', 'pcs', 577.00, 6, 32, '2026-04-13 01:18:31', '2026-04-13 01:18:31'),
	(166, 166, 'External Hard Drive, 1TB', 'pc', 3569.00, 6, 32, '2026-04-13 01:18:31', '2026-04-13 01:18:31'),
	(167, 167, 'External Hard Drive, 1TB SSD', 'pc', 7700.00, 6, 32, '2026-04-13 01:18:31', '2026-04-13 01:18:31'),
	(168, 168, 'External Hard Drive, 250GB SSD', 'pc', 4367.00, 6, 32, '2026-04-13 01:18:31', '2026-04-13 01:18:31'),
	(169, 169, 'External Hard Drive, 2TB', 'pc', 8701.00, 6, 32, '2026-04-13 01:18:31', '2026-04-13 01:18:31'),
	(170, 170, 'External Numeric Keypad (Laptop)', 'pc', 817.00, 6, 32, '2026-04-13 01:18:31', '2026-04-13 01:18:31'),
	(171, 171, 'Flash Drive, 16GB', 'pc', 378.00, 6, 32, '2026-04-13 01:18:31', '2026-04-13 01:18:31'),
	(172, 172, 'Flash Drive, 16GB 3.0 OTG', 'pc', 818.00, 6, 32, '2026-04-13 01:18:31', '2026-04-13 01:18:31'),
	(173, 173, 'Flash Drive, 32GB', 'pc', 1029.00, 6, 32, '2026-04-13 01:18:31', '2026-04-13 01:18:31'),
	(174, 174, 'Flash Drive, 8GB', 'pc', 386.00, 6, 32, '2026-04-13 01:18:31', '2026-04-13 01:18:31'),
	(175, 175, 'Hard Disk (desktop), 1TB', 'pc', 5115.00, 6, 32, '2026-04-13 01:18:31', '2026-04-13 01:18:31'),
	(176, 176, 'Hard Drive 4TB NAS SATA', 'unit', 7367.00, 6, 32, '2026-04-13 01:18:31', '2026-04-13 01:18:31'),
	(177, 177, 'HDMI Cable, 10m', 'pc', 715.00, 6, 32, '2026-04-13 01:18:31', '2026-04-13 01:18:31'),
	(178, 178, 'HDMI Cable, 20m', 'pc', 1903.00, 6, 32, '2026-04-13 01:18:31', '2026-04-13 01:18:31'),
	(179, 179, 'HDMI Video Splitter', 'pc', 2750.00, 6, 32, '2026-04-13 01:18:31', '2026-04-13 01:18:31'),
	(180, 180, 'Headset A4 Tech HS-50 (6.5meters cable, 97 dB\'s)', 'pc', 1782.00, 6, 32, '2026-04-13 01:18:31', '2026-04-13 01:18:31'),
	(181, 181, 'Headset with Noise Cancellation (Usb H390)', 'unit', 2943.00, 6, 32, '2026-04-13 01:18:31', '2026-04-13 01:18:31'),
	(182, 182, 'IC Recorder - PX-333, Rechargeable', 'unit', 4565.00, 6, 32, '2026-04-13 01:18:31', '2026-04-13 01:18:31'),
	(183, 183, 'Impact tool', 'pc', 2860.00, 6, 32, '2026-04-13 01:18:31', '2026-04-13 01:18:31'),
	(184, 184, 'Keyboard wireless with mouse', 'set', 2503.00, 6, 32, '2026-04-13 01:18:31', '2026-04-13 01:18:31'),
	(185, 185, 'Keyboard, (USB-type connection)', 'pc', 880.00, 6, 32, '2026-04-13 01:18:31', '2026-04-13 01:18:31'),
	(186, 186, 'LAN Tester', 'pc', 1122.00, 6, 32, '2026-04-13 01:18:31', '2026-04-13 01:18:31'),
	(187, 187, 'Logitech C270 HD 720P Webcam Plug and Play Video Calling', 'unit', 5572.00, 6, 32, '2026-04-13 01:18:31', '2026-04-13 01:18:31'),
	(188, 188, 'Male Plug Adapter (round to flat)', 'pc', 55.00, 6, 32, '2026-04-13 01:18:31', '2026-04-13 01:18:31'),
	(189, 189, 'Memory Card, SD Card 16GB', 'pc', 765.00, 6, 32, '2026-04-13 01:18:31', '2026-04-13 01:18:31'),
	(190, 190, 'Memory Card, SD Card 32GB', 'pc', 1210.00, 6, 32, '2026-04-13 01:18:31', '2026-04-13 01:18:31'),
	(191, 191, 'Mouse Pad', 'pc', 50.00, 6, 32, '2026-04-13 01:18:31', '2026-04-13 01:18:31'),
	(192, 192, 'Mouse, Optical (USB-type connection)', 'pc', 328.00, 6, 32, '2026-04-13 01:18:31', '2026-04-13 01:18:31'),
	(193, 193, 'Mouse, Optical Wireless (M186 Logitech)', 'pc', 1155.00, 6, 32, '2026-04-13 01:18:31', '2026-04-13 01:18:31'),
	(194, 194, 'Multiport HDMI/USB adapter/hub\n9-in-1 HDMI + RJ45 + SD + TF + 2*USB3.0 + PD + 2 USB C', 'unit', 3561.00, 6, 32, '2026-04-13 01:18:31', '2026-04-13 01:18:31'),
	(195, 195, 'Network Switch , 24 Ports', 'pc', 6733.00, 6, 32, '2026-04-13 01:18:31', '2026-04-13 01:18:31'),
	(196, 196, 'NVME M.2 Enclosure, USB3.1 Type-C Interface', 'unit', 2470.00, 6, 32, '2026-04-13 01:18:31', '2026-04-13 01:18:31'),
	(197, 197, 'Outdoor Cat6 Cable', 'box', 7068.00, 6, 32, '2026-04-13 01:18:31', '2026-04-13 01:18:31'),
	(198, 198, 'Outdoor Cat6 Cable', 'box', 4755.00, 6, 32, '2026-04-13 01:18:31', '2026-04-13 01:18:31'),
	(199, 199, 'Outdoor Switch (Ubiquiti Unifi Flex 5-Port POE)', 'unit', 8465.00, 6, 32, '2026-04-13 01:18:31', '2026-04-13 01:18:31'),
	(200, 200, 'POE 24V Passive 1AMP', 'pc', 2448.00, 6, 32, '2026-04-13 01:18:31', '2026-04-13 01:18:31'),
	(201, 201, 'Portable CD ROM', 'units', 2139.00, 6, 32, '2026-04-13 01:18:31', '2026-04-13 01:18:31'),
	(202, 202, 'Portable Two Way Radio Walkie Talkie (Set of 4) 16-channels, Freq. Range 400-520MHz', 'set', 5720.00, 6, 32, '2026-04-13 01:18:31', '2026-04-13 01:18:31'),
	(203, 203, 'Power Extension Reel (25m)', 'pc', 2640.00, 6, 32, '2026-04-13 01:18:31', '2026-04-13 01:18:31'),
	(204, 204, 'Power Supply 600V', 'pc', 3218.00, 6, 32, '2026-04-13 01:18:31', '2026-04-13 01:18:31'),
	(205, 205, 'Power Supply Unit, 550w, 80+ Bronze Certified, Fixed Cable', 'unit', 3432.00, 6, 32, '2026-04-13 01:18:31', '2026-04-13 01:18:31'),
	(206, 206, 'Power Surge (UPS AVR) 800VA-400W', 'pc', 4213.00, 6, 32, '2026-04-13 01:18:31', '2026-04-13 01:18:31'),
	(207, 207, 'RAM, 16GB 2x8 Memory 3200mhz DDR4', 'pc', 6006.00, 6, 32, '2026-04-13 01:18:31', '2026-04-13 01:18:31'),
	(208, 208, 'RAM, 8GB, 2133-2666Mhz DDR4 (5)', 'pc', 2420.00, 6, 32, '2026-04-13 01:18:31', '2026-04-13 01:18:31'),
	(209, 209, 'RJ45 Connector Cat6 (100 pcs)', 'pack', 626.00, 6, 32, '2026-04-13 01:18:31', '2026-04-13 01:18:31'),
	(210, 210, 'RJ45 Crimper Passthru', 'pack', 831.00, 6, 32, '2026-04-13 01:18:31', '2026-04-13 01:18:31'),
	(211, 211, 'RJ45 Keystone', 'pack', 79.00, 6, 32, '2026-04-13 01:18:31', '2026-04-13 01:18:31'),
	(212, 212, 'Router, Wireless', 'unit', 2929.00, 6, 32, '2026-04-13 01:18:31', '2026-04-13 01:18:31'),
	(213, 213, 'Signature Pad', 'unit', 2475.00, 6, 32, '2026-04-13 01:18:31', '2026-04-13 01:18:31'),
	(214, 214, 'Silicon Grease (Spray) 500cc', 'pc', 633.00, 6, 32, '2026-04-13 01:18:31', '2026-04-13 01:18:31'),
	(215, 215, 'Soldering Gun (Heavy duty)', 'unit', 886.00, 6, 32, '2026-04-13 01:18:31', '2026-04-13 01:18:31'),
	(216, 216, 'Soldering Lead, 0.6mm', 'pc', 561.00, 6, 32, '2026-04-13 01:18:31', '2026-04-13 01:18:31'),
	(217, 217, 'Solid State Drive (SSD Harddisk) 240GB', 'pc', 4675.00, 6, 32, '2026-04-13 01:18:31', '2026-04-13 01:18:31'),
	(218, 218, 'Speaker PC, multi media for desktop/laptop, Compact Multimedia 2.1 Speaker System', 'unit', 2285.00, 6, 32, '2026-04-13 01:18:31', '2026-04-13 01:18:31'),
	(219, 219, 'Thermal Paste', 'tube', 162.00, 6, 32, '2026-04-13 01:18:32', '2026-04-13 01:18:32'),
	(220, 220, 'Thermal Tape (5MM)', 'roll', 228.00, 6, 32, '2026-04-13 01:18:32', '2026-04-13 01:18:32'),
	(221, 221, 'Ubiquiti Edgepoint R6', 'pc', 9900.00, 6, 32, '2026-04-13 01:18:32', '2026-04-13 01:18:32'),
	(222, 222, 'Universal Laptop Charger (60w)', 'pc', 1564.00, 6, 32, '2026-04-13 01:18:32', '2026-04-13 01:18:32'),
	(223, 223, 'Universal Laptop Charger (90w)', 'pc', 1930.00, 6, 32, '2026-04-13 01:18:32', '2026-04-13 01:18:32'),
	(224, 224, 'UPS Battery , 12V Battery 12AH/20AH Rechargeable Sealed Lead Acid Battery Deep Cycle UPS', 'pc', 1265.00, 6, 32, '2026-04-13 01:18:32', '2026-04-13 01:18:32'),
	(225, 225, 'UPS Battery12v9ah', 'unit', 1485.00, 6, 32, '2026-04-13 01:18:32', '2026-04-13 01:18:32'),
	(226, 226, 'USB dual band wifi dongle', 'pc', 1034.00, 6, 32, '2026-04-13 01:18:32', '2026-04-13 01:18:32'),
	(227, 227, 'USB Headset with noise-cancelling microphone', 'pcs', 2133.00, 6, 32, '2026-04-13 01:18:32', '2026-04-13 01:18:32'),
	(228, 228, 'USB Hub-4ports', 'pc', 704.00, 6, 32, '2026-04-13 01:18:32', '2026-04-13 01:18:32'),
	(229, 229, 'USB Multi Port Hub', 'pc', 220.00, 6, 32, '2026-04-13 01:18:32', '2026-04-13 01:18:32'),
	(230, 230, 'USB Splitter 4 ports', 'pc', 770.00, 6, 32, '2026-04-13 01:18:32', '2026-04-13 01:18:32'),
	(231, 231, 'USB Web Camera 1080P 30fps FHD 2 Megapixels 90° Wide Angle With Microphone', 'pcs', 2145.00, 6, 32, '2026-04-13 01:18:32', '2026-04-13 01:18:32'),
	(232, 232, 'UTP Cable -CAT6 Indoor 300m', 'roll', 4483.00, 6, 32, '2026-04-13 01:18:32', '2026-04-13 01:18:32'),
	(233, 233, 'VGA Cable (1.5m)', 'pc', 561.00, 6, 32, '2026-04-13 01:18:32', '2026-04-13 01:18:32'),
	(234, 234, 'WD-40 Specialist Silicone, 360ml', 'tin', 608.00, 6, 32, '2026-04-13 01:18:32', '2026-04-13 01:18:32'),
	(235, 235, 'Wifi Receiver', 'unit', 1012.00, 6, 32, '2026-04-13 01:18:32', '2026-04-13 01:18:32'),
	(236, 236, 'Wireless receiver/presenter Pointer pen, red laser with USB & remote', 'pc', 605.00, 6, 32, '2026-04-13 01:18:32', '2026-04-13 01:18:32'),
	(237, 237, 'Wireless Router/Access Point/Range Extender', 'unit', 3739.00, 6, 32, '2026-04-13 01:18:32', '2026-04-13 01:18:32'),
	(238, 238, 'Bottomless Ink Refill, Cyan 100ml', 'btl', 199.00, 7, 32, '2026-04-13 01:18:32', '2026-04-13 01:18:32'),
	(239, 239, 'Bottomless Ink Refill, Magenta, 100ml', 'btl', 175.00, 7, 32, '2026-04-13 01:18:32', '2026-04-13 01:18:32'),
	(240, 240, 'Bottomless Ink Refill, Yellow, 100ml', 'btl', 175.00, 7, 32, '2026-04-13 01:18:32', '2026-04-13 01:18:32'),
	(241, 241, 'Brother BT5000 Ink (C)', 'pcs', 382.00, 7, 32, '2026-04-13 01:18:32', '2026-04-13 01:18:32'),
	(242, 242, 'Brother BT5000 Ink (M)', 'pcs', 382.00, 7, 32, '2026-04-13 01:18:32', '2026-04-13 01:18:32'),
	(243, 243, 'Brother BT5000 Ink (Y)', 'pcs', 382.00, 7, 32, '2026-04-13 01:18:32', '2026-04-13 01:18:32'),
	(244, 244, 'Brother BTD60 (BK)', 'pcs', 382.00, 7, 32, '2026-04-13 01:18:32', '2026-04-13 01:18:32'),
	(245, 245, 'Brother Drum DR-2355 (for Brother DCP-L2540DW Printer)', 'pc', 6751.00, 7, 32, '2026-04-13 01:18:32', '2026-04-13 01:18:32'),
	(246, 246, 'Brother TN-2360 toner cartridge (for Brother DCP-L2540DW Printer)', 'pc', 2596.00, 7, 32, '2026-04-13 01:18:32', '2026-04-13 01:18:32'),
	(247, 247, 'EPSON TM-C3510 Ink SJIC23F (Black)', 'unit', 8158.00, 7, 32, '2026-04-13 01:18:32', '2026-04-13 01:18:32'),
	(248, 248, 'EPSON TM-C3510 Ink SJIC23F (Cyan)', 'unit', 4895.00, 7, 32, '2026-04-13 01:18:32', '2026-04-13 01:18:32'),
	(249, 249, 'EPSON TM-C3510 Ink SJIC23F (Magenta)', 'unit', 4895.00, 7, 32, '2026-04-13 01:18:32', '2026-04-13 01:18:32'),
	(250, 250, 'EPSON TM-C3510 Ink SJIC23F (Yellow)', 'unit', 4895.00, 7, 32, '2026-04-13 01:18:32', '2026-04-13 01:18:32'),
	(251, 251, 'Epson Ink 001 (L4150, L4160, L6160, L6170,\nL6190)Magenta 70ml/btl', 'btl', 642.00, 7, 32, '2026-04-13 01:18:32', '2026-04-13 01:18:32'),
	(252, 252, 'Epson Ink 001 (L4150, L4160, L6160, L6170, L6190)\nBlack 70ml/btl', 'btl', 607.00, 7, 32, '2026-04-13 01:18:32', '2026-04-13 01:18:32'),
	(253, 253, 'Epson Ink 001 (L4150, L4160, L6160, L6170, L6190)\nCyan 70ml/btl', 'btl', 607.00, 7, 32, '2026-04-13 01:18:32', '2026-04-13 01:18:32'),
	(254, 254, 'Epson Ink 001 (L4150, L4160, L6160, L6170, L6190)\nYellow 70ml/btl', 'btl', 642.00, 7, 32, '2026-04-13 01:18:32', '2026-04-13 01:18:32'),
	(255, 255, 'Epson Ink 003 (L3100, L3101, L3150) Black 70ml/btl', 'btl', 631.00, 7, 32, '2026-04-13 01:18:32', '2026-04-13 01:18:32'),
	(256, 256, 'Epson Ink 003 (L3100, L3101, L3150) Cyan 70ml/btl', 'btl', 631.00, 7, 32, '2026-04-13 01:18:32', '2026-04-13 01:18:32'),
	(257, 257, 'Epson Ink 003 (L3100, L3101, L3150) Magenta 70ml/btl', 'btl', 631.00, 7, 32, '2026-04-13 01:18:32', '2026-04-13 01:18:32'),
	(258, 258, 'Epson Ink 003 (L3100, L3101, L3150) Yellow 70ml/btl', 'btl', 631.00, 7, 32, '2026-04-13 01:18:32', '2026-04-13 01:18:32'),
	(259, 259, 'Epson Ink T6641, Black (For L120, L110, L210, L220,\nL300, L360,L380)', 'btl', 557.00, 7, 32, '2026-04-13 01:18:32', '2026-04-13 01:18:32'),
	(260, 260, 'Epson Ink T6642, Cyan (For L120, L110, L210, L220,\nL300, L360,L380)', 'btl', 557.00, 7, 32, '2026-04-13 01:18:32', '2026-04-13 01:18:32'),
	(261, 261, 'Epson Ink T6643, Magenta (For L120, L110, L210, L220,\nL300, L360,L380)', 'btl', 557.00, 7, 32, '2026-04-13 01:18:32', '2026-04-13 01:18:32'),
	(262, 262, 'Epson Ink T6644, Yellow (For L120, L110, L210, L220,\nL300, L360,L380)', 'btl', 557.00, 7, 32, '2026-04-13 01:18:32', '2026-04-13 01:18:32'),
	(263, 263, 'Epson ink T6731 Black, 70ml/btl (L800, L801, L805,\nL810, L850, L1800)', 'btl', 669.00, 7, 32, '2026-04-13 01:18:32', '2026-04-13 01:18:32'),
	(264, 264, 'Epson ink T6732 Cyan, 70ml/btl (L800, L801, L805,\nL810, L850, L1800)', 'btl', 669.00, 7, 32, '2026-04-13 01:18:32', '2026-04-13 01:18:32'),
	(265, 265, 'Epson ink T6733 Magenta, 70ml/btl (L800, L801, L805,\nL810, L850, L1800)', 'btl', 669.00, 7, 32, '2026-04-13 01:18:32', '2026-04-13 01:18:32'),
	(266, 266, 'Epson ink T6734 Yellow, 70ml/btl (L800, L801, L805,\nL810, L850, L1800)', 'btl', 669.00, 7, 32, '2026-04-13 01:18:32', '2026-04-13 01:18:32'),
	(267, 267, 'Epson ink T6735 Light Cyan, 70ml/btl (L800, L801, L805,\nL810, L850, L1800)', 'btl', 669.00, 7, 32, '2026-04-13 01:18:32', '2026-04-13 01:18:32'),
	(268, 268, 'Epson ink T6736 Light Magenta, 70ml/btl (L800, L801,\nL805, L810, L850, L1800)', 'btl', 669.00, 7, 32, '2026-04-13 01:18:32', '2026-04-13 01:18:32'),
	(269, 269, 'Epson L15150 Ink 008, Black', 'pc', 1326.00, 7, 32, '2026-04-13 01:18:32', '2026-04-13 01:18:32'),
	(270, 270, 'Epson L15150 Ink 008, Cyan', 'pc', 1024.00, 7, 32, '2026-04-13 01:18:32', '2026-04-13 01:18:32'),
	(271, 271, 'Epson L15150 Ink 008, Magenta', 'pc', 1024.00, 7, 32, '2026-04-13 01:18:32', '2026-04-13 01:18:32'),
	(272, 272, 'Epson L15150 Ink 008, Yellow', 'pc', 1024.00, 7, 32, '2026-04-13 01:18:32', '2026-04-13 01:18:32'),
	(273, 273, 'Epson L15150 Maintenance Box (C9345 / PXMB9)', 'pc', 1669.00, 7, 32, '2026-04-13 01:18:32', '2026-04-13 01:18:32'),
	(274, 274, 'Epson Workforce Pro, WF-C869R Copier Toner/Ink\nT9741-Black', 'btl', 10918.00, 7, 32, '2026-04-13 01:18:32', '2026-04-13 01:18:32'),
	(275, 275, 'Epson Workforce Pro, WF-C5790 Copier Toner/Ink T948 Standard Black', 'btl', 8492.00, 7, 32, '2026-04-13 01:18:32', '2026-04-13 01:18:32'),
	(276, 276, 'Epson Workforce Pro, WF-C5790 Copier Toner/Ink T948 Standard Cyan', 'btl', 13338.00, 7, 32, '2026-04-13 01:18:32', '2026-04-13 01:18:32'),
	(277, 277, 'Epson Workforce Pro, WF-C5790 Copier Toner/Ink T948 Standard Magenta', 'btl', 13338.00, 7, 32, '2026-04-13 01:18:32', '2026-04-13 01:18:32'),
	(278, 278, 'Epson Workforce Pro, WF-C5790 Copier Toner/Ink T948 Standard Yellow', 'btl', 12711.00, 7, 32, '2026-04-13 01:18:32', '2026-04-13 01:18:32'),
	(279, 279, 'Epson Workforce Pro, WF-C869R Copier Maintenance\nBox', 'btl', 8740.00, 7, 32, '2026-04-13 01:18:32', '2026-04-13 01:18:32'),
	(280, 280, 'Epson Workforce Pro, WF-C869R Copier Tone/Ink T9743\nMagenta', 'btl', 13915.00, 7, 32, '2026-04-13 01:18:32', '2026-04-13 01:18:32'),
	(281, 281, 'Epson Workforce Pro, WF-C869R Copier Toner/Ink\nT9742 Cyan', 'btl', 13915.00, 7, 32, '2026-04-13 01:18:32', '2026-04-13 01:18:32'),
	(282, 282, 'Epson Workforce Pro, WF-C869R Copier Toner/Ink T9744 Yellow', 'btl', 13915.00, 7, 32, '2026-04-13 01:18:32', '2026-04-13 01:18:32'),
	(283, 283, 'EPSON Workforce Pro, WF-C878R Maintenance Box (C13T671400)', 'pc', 5447.00, 7, 32, '2026-04-13 01:18:32', '2026-04-13 01:18:32'),
	(284, 284, 'EPSON Workforce Pro, WF-C878R, Toner/Ink T05A1 (Black BK)', 'pc', 15315.00, 7, 32, '2026-04-13 01:18:32', '2026-04-13 01:18:32'),
	(285, 285, 'EPSON Workforce Pro, WF-C878R, Toner/Ink T05A2 (Cyan C)', 'pc', 15315.00, 7, 32, '2026-04-13 01:18:32', '2026-04-13 01:18:32'),
	(286, 286, 'EPSON Workforce Pro, WF-C878R, Toner/Ink T05A3 (Magenta M)', 'pc', 15315.00, 7, 32, '2026-04-13 01:18:32', '2026-04-13 01:18:32'),
	(287, 287, 'EPSON Workforce Pro, WF-C878R, Toner/Ink T05A4 (Yellow Y)', 'pc', 15315.00, 7, 32, '2026-04-13 01:18:32', '2026-04-13 01:18:32'),
	(288, 288, 'HP 57a original LaserJet imaging drum (cf257a)', 'pc', 11615.00, 7, 32, '2026-04-13 01:18:32', '2026-04-13 01:18:32'),
	(289, 289, 'HP Inktank 415 GT51, Black', 'pc', 826.00, 7, 32, '2026-04-13 01:18:32', '2026-04-13 01:18:32'),
	(290, 290, 'HP Inktank 415 GT52, Cyan', 'pc', 826.00, 7, 32, '2026-04-13 01:18:32', '2026-04-13 01:18:32'),
	(291, 291, 'HP Inktank 415 GT52, Magenta', 'pc', 826.00, 7, 32, '2026-04-13 01:18:32', '2026-04-13 01:18:32'),
	(292, 292, 'HP Inktank 415 GT52, Yellow', 'pc', 826.00, 7, 32, '2026-04-13 01:18:32', '2026-04-13 01:18:32'),
	(293, 293, 'HP Laserjet CE 285AC/ HP Printer Ink #85A', 'pc', 4639.00, 7, 32, '2026-04-13 01:18:32', '2026-04-13 01:18:32'),
	(294, 294, 'Ink Tank Wireless 415-Cartridge MOH50A Black', 'pc', 860.00, 7, 32, '2026-04-13 01:18:32', '2026-04-13 01:18:32'),
	(295, 295, 'Ink Tank Wireless 415-Cartridge MOH50A Tri-Color', 'pc', 860.00, 7, 32, '2026-04-13 01:18:32', '2026-04-13 01:18:32'),
	(296, 296, 'Laser printer toner, cartridge, Black', 'pc', 7453.00, 7, 32, '2026-04-13 01:18:32', '2026-04-13 01:18:32'),
	(297, 297, 'Laser printer toner, cartridge, Cyan', 'pc', 7453.00, 7, 32, '2026-04-13 01:18:32', '2026-04-13 01:18:32'),
	(298, 298, 'Laser printer toner, cartridge, Magenta', 'pc', 7453.00, 7, 32, '2026-04-13 01:18:32', '2026-04-13 01:18:32'),
	(299, 299, 'Laser printer toner, cartridge, Yellow', 'pc', 7453.00, 7, 32, '2026-04-13 01:18:32', '2026-04-13 01:18:32'),
	(300, 300, 'Copier toner TK-8349K, Black', 'pc', 10145.00, 8, 32, '2026-04-13 01:18:32', '2026-04-13 01:18:32'),
	(301, 301, 'Copier toner TK-8349C, Cyan', 'pc', 17270.00, 8, 32, '2026-04-13 01:18:32', '2026-04-13 01:18:32'),
	(302, 302, 'Copier toner TK-8349M, Magenta', 'pc', 17270.00, 8, 32, '2026-04-13 01:18:32', '2026-04-13 01:18:32'),
	(303, 303, 'Copier toner TK-8349Y, Yellow', 'pc', 17270.00, 8, 32, '2026-04-13 01:18:32', '2026-04-13 01:18:32'),
	(304, 304, 'Kyocera Toner TK-3165', 'pc', 11798.00, 8, 32, '2026-04-13 01:18:32', '2026-04-13 01:18:32'),
	(305, 305, 'Canon Gl-790 Ink Black, 70 mL', 'bot', 693.00, 9, 32, '2026-04-13 01:18:32', '2026-04-13 01:18:32'),
	(306, 306, 'Canon Gl-790 Ink Cyan, 70 mL', 'bot', 693.00, 9, 32, '2026-04-13 01:18:32', '2026-04-13 01:18:32'),
	(307, 307, 'Canon Gl-790 Ink Magenta, 70 mL', 'bot', 693.00, 9, 32, '2026-04-13 01:18:32', '2026-04-13 01:18:32'),
	(308, 308, 'Canon Gl-790 Ink Yellow, 70 mL', 'bot', 693.00, 9, 32, '2026-04-13 01:18:32', '2026-04-13 01:18:32'),
	(309, 309, 'Canon Laser Toner 325', 'pc', 5115.00, 9, 32, '2026-04-13 01:18:32', '2026-04-13 01:18:32'),
	(310, 310, 'Ink- Canon BK-G1-790, 70ml', 'bot', 693.00, 9, 32, '2026-04-13 01:18:32', '2026-04-13 01:18:32'),
	(311, 311, 'Ink- Canon C-G1-790, 70ml', 'bot', 693.00, 9, 32, '2026-04-13 01:18:32', '2026-04-13 01:18:32'),
	(312, 312, 'Ink- Canon M-G1-790, 70ml', 'bot', 693.00, 9, 32, '2026-04-13 01:18:32', '2026-04-13 01:18:32'),
	(313, 313, 'Ink- Canon Y-G1-790, 70ml', 'bot', 693.00, 9, 32, '2026-04-13 01:18:32', '2026-04-13 01:18:32'),
	(314, 314, 'Duplo Ink, DA-14, Black (for DP-A)', 'pc', 1500.00, 10, 32, '2026-04-13 01:18:32', '2026-04-13 01:18:32'),
	(315, 315, 'Duplo Ink, G14, (for Duplo DP-G325)', 'pc', 1493.00, 10, 32, '2026-04-13 01:18:32', '2026-04-13 01:18:32'),
	(316, 316, 'Duplo Master Roll DRA12', 'roll', 5555.00, 10, 32, '2026-04-13 01:18:32', '2026-04-13 01:18:32'),
	(317, 317, 'Duplo Master Roll DRG20 (for Duplo DP-G325)', 'roll', 6307.00, 10, 32, '2026-04-13 01:18:32', '2026-04-13 01:18:32'),
	(318, 318, 'Lexmark PC Kit Drum (MX510de)', 'unit', 9972.00, 11, 32, '2026-04-13 01:18:32', '2026-04-13 01:18:32'),
	(319, 319, 'Lexmark Toner (MX510de)', 'pc', 9977.00, 11, 32, '2026-04-13 01:18:32', '2026-04-13 01:18:32'),
	(320, 320, 'Sharp AR-6020N Toner', 'pc', 3421.00, 12, 32, '2026-04-13 01:18:32', '2026-04-13 01:18:32'),
	(321, 321, 'Sharp Developer BP-FV20BA (BLACK)', 'pc', 12320.00, 12, 32, '2026-04-13 01:18:32', '2026-04-13 01:18:32'),
	(322, 322, 'Sharp Developer BP-FV20SA', 'pc', 50820.00, 12, 32, '2026-04-13 01:18:32', '2026-04-13 01:18:32'),
	(323, 323, 'Sharp MX-235FT Toner', 'pc', 12045.00, 12, 32, '2026-04-13 01:18:32', '2026-04-13 01:18:32'),
	(324, 324, 'Sharp MX-315FT Toner', 'pc', 13530.00, 12, 32, '2026-04-13 01:18:32', '2026-04-13 01:18:32'),
	(325, 325, 'Sharp Toner BP-FT20BA', 'pc', 10945.00, 12, 32, '2026-04-13 01:18:32', '2026-04-13 01:18:32'),
	(326, 326, 'Sharp Toner BP-FT20CA', 'pc', 10945.00, 12, 32, '2026-04-13 01:18:32', '2026-04-13 01:18:32'),
	(327, 327, 'Sharp Toner BP-FT20MA', 'pc', 10945.00, 12, 32, '2026-04-13 01:18:32', '2026-04-13 01:18:32'),
	(328, 328, 'Sharp Toner BP-FT20YA', 'pc', 10945.00, 12, 32, '2026-04-13 01:18:32', '2026-04-13 01:18:32'),
	(329, 329, 'Ineo+ 287, developer / Imaging Unit 214, Cyan', 'unit', 65476.00, 13, 32, '2026-04-13 01:18:32', '2026-04-13 01:18:32'),
	(330, 330, 'Ineo+ 287, developer / Imaging Unit 214, Magenta', 'unit', 65476.00, 13, 32, '2026-04-13 01:18:32', '2026-04-13 01:18:32'),
	(331, 331, 'Ineo+ 287, developer / Imaging Unit 214, Yellow', 'unit', 65476.00, 13, 32, '2026-04-13 01:18:32', '2026-04-13 01:18:32'),
	(332, 332, 'Ineo+ 287 Drum, DR214 Black', 'pc', 29700.00, 13, 32, '2026-04-13 01:18:32', '2026-04-13 01:18:32'),
	(333, 333, 'Ineo 226 AOXX-PP6H-01 Transfer Roller', 'pc', 6435.00, 13, 32, '2026-04-13 01:18:32', '2026-04-13 01:18:32'),
	(334, 334, 'Ineo 226 DV116 , Developer', 'pc', 2200.00, 13, 32, '2026-04-13 01:18:32', '2026-04-13 01:18:32'),
	(335, 335, 'Toner TN227 K Black (Ineo+ 287i)', 'pc', 11220.00, 13, 32, '2026-04-13 01:18:32', '2026-04-13 01:18:32'),
	(336, 336, 'Toner TN227 K Yellow (Ineo+ 287i)', 'pc', 32670.00, 13, 32, '2026-04-13 01:18:32', '2026-04-13 01:18:32'),
	(337, 337, 'Toner TN227 K Magenta(Ineo+ 287i)', 'pc', 32670.00, 13, 32, '2026-04-13 01:18:32', '2026-04-13 01:18:32'),
	(338, 338, 'Toner TN227 K Cyan(Ineo+ 287i)', 'pc', 32670.00, 13, 32, '2026-04-13 01:18:32', '2026-04-13 01:18:32'),
	(339, 339, 'DR316 Drum Unit Black (Ineo+360i)', 'unit', 49060.00, 13, 32, '2026-04-13 01:18:32', '2026-04-13 01:18:32'),
	(340, 340, 'DR316 Drum Unit Cyan (Ineo+360i)', 'unit', 55935.00, 13, 32, '2026-04-13 01:18:32', '2026-04-13 01:18:32'),
	(341, 341, 'DR316 Drum Unit Magenta (Ineo+360i)', 'unit', 55935.00, 13, 32, '2026-04-13 01:18:32', '2026-04-13 01:18:32'),
	(342, 342, 'DR316 Drum Unit Yellow (Ineo+360i)', 'unit', 55935.00, 13, 32, '2026-04-13 01:18:32', '2026-04-13 01:18:32'),
	(343, 343, 'Toner ink for Riso CV/UA (S-7220UA)', 'pc', 2970.00, 13, 32, '2026-04-13 01:18:32', '2026-04-13 01:18:32'),
	(344, 344, 'Ink Fill Type Blank (for Riso Duplicator Machine)', 'pc', 2346.00, 13, 32, '2026-04-13 01:18:32', '2026-04-13 01:18:32'),
	(345, 345, 'Master Fill Type A4/Legal (for Riso Duplicator Machine)', 'pc', 3988.00, 13, 32, '2026-04-13 01:18:32', '2026-04-13 01:18:32'),
	(346, 346, 'Master roll for Riso CVB4 UA (S-7040UA)', 'pc', 6160.00, 13, 32, '2026-04-13 01:18:32', '2026-04-13 01:18:32'),
	(347, 347, 'Toner TN221 C Cyan (Ineo+ 287)', 'pc', 25300.00, 13, 32, '2026-04-13 01:18:32', '2026-04-13 01:18:32'),
	(348, 348, 'Toner TN221 K Black (Ineo+ 287)', 'pc', 13200.00, 13, 32, '2026-04-13 01:18:32', '2026-04-13 01:18:32'),
	(349, 349, 'Toner TN221 M Magenta ( Ineo+ 287)', 'pc', 25300.00, 13, 32, '2026-04-13 01:18:32', '2026-04-13 01:18:32'),
	(350, 350, 'Toner TN221 Y Yellow ( Ineo+ 287)', 'pc', 25300.00, 13, 32, '2026-04-13 01:18:32', '2026-04-13 01:18:32'),
	(351, 351, 'Toner TN228 Black (ineo+226i)', 'pc', 12100.00, 13, 32, '2026-04-13 01:18:32', '2026-04-13 01:18:32'),
	(352, 352, 'Toner TN228 Cyan (ineo+226i)', 'pc', 23100.00, 13, 32, '2026-04-13 01:18:32', '2026-04-13 01:18:32'),
	(353, 353, 'Toner TN228 Magenta (ineo+226i)', 'pc', 23100.00, 13, 32, '2026-04-13 01:18:32', '2026-04-13 01:18:32'),
	(354, 354, 'Toner TN228 Yellow (ineo+226i)', 'pc', 23100.00, 13, 32, '2026-04-13 01:18:32', '2026-04-13 01:18:32'),
	(355, 355, 'Transfer Belt Unit (ACM1PP66), Ineo+287i', 'pc', 27840.00, 13, 32, '2026-04-13 01:18:32', '2026-04-13 01:18:32'),
	(356, 356, 'Transfer Roller Assy AOXX-PP6H-01, Ineo 225i', 'pc', 5500.00, 13, 32, '2026-04-13 01:18:32', '2026-04-13 01:18:32'),
	(357, 357, 'Transfer Roller Unit (A161R714), Ineo+287i', 'pc', 3836.00, 13, 32, '2026-04-13 01:18:32', '2026-04-13 01:18:32'),
	(358, 358, '3 gang switch set Flush type', 'set', 317.00, 14, 47, '2026-04-13 01:18:32', '2026-04-13 01:18:32'),
	(359, 359, 'ACU Foam insulation 1/2', 'pc', 101.00, 14, 47, '2026-04-13 01:18:32', '2026-04-13 01:18:32'),
	(360, 360, 'ACU Foam insulation 1/4', 'pc', 69.00, 14, 47, '2026-04-13 01:18:32', '2026-04-13 01:18:32'),
	(361, 361, 'ACU Foam insulation 5/8', 'pc', 129.00, 14, 47, '2026-04-13 01:18:32', '2026-04-13 01:18:32'),
	(362, 362, '1 Set 15 watts LED tube (daylight) Single end with holder', 'set', 1364.00, 14, 47, '2026-04-13 01:18:32', '2026-04-13 01:18:32'),
	(363, 363, 'Aspirator Blower, Voltage: 220V-240V~50/60Hz, Input power:400W, Max blowing rate:3.0m3/min', 'unit', 2843.00, 14, 47, '2026-04-13 01:18:32', '2026-04-13 01:18:32'),
	(364, 364, 'Blow Torch with butane', 'set', 954.00, 14, 47, '2026-04-13 01:18:32', '2026-04-13 01:18:32'),
	(365, 365, 'Cable tracer', 'unit', 7823.00, 14, 47, '2026-04-13 01:18:32', '2026-04-13 01:18:32'),
	(366, 366, 'Circuit Breaker 20amp, bolt on, single phase KSB', 'pc', 1122.00, 14, 47, '2026-04-13 01:18:32', '2026-04-13 01:18:32'),
	(367, 367, 'Circuit Breaker 30amp, bolt on, single phase KSB', 'pc', 1210.00, 14, 47, '2026-04-13 01:18:32', '2026-04-13 01:18:32'),
	(368, 368, 'Copper Tube 1/2 15 meters 0.028', 'roll', 4951.00, 14, 47, '2026-04-13 01:18:32', '2026-04-13 01:18:32'),
	(369, 369, 'Copper Tube 1/4 15 meters 0.028', 'roll', 4931.00, 14, 47, '2026-04-13 01:18:32', '2026-04-13 01:18:32'),
	(370, 370, 'Copper Tube 3/4 15 meters 0.028', 'roll', 5362.00, 14, 47, '2026-04-13 01:18:32', '2026-04-13 01:18:32'),
	(371, 371, 'Copper Tube 3/8 15 meters 0.028', 'roll', 4253.00, 14, 47, '2026-04-13 01:18:32', '2026-04-13 01:18:32'),
	(372, 372, 'Copper Tube 5/8 15 meters 0.028', 'roll', 5272.00, 14, 47, '2026-04-13 01:18:32', '2026-04-13 01:18:32'),
	(373, 373, 'Door Closer', 'pc', 2039.00, 14, 47, '2026-04-13 01:18:32', '2026-04-13 01:18:32'),
	(374, 374, 'Electrical Tape big, 40ft', 'roll', 72.00, 14, 47, '2026-04-13 01:18:32', '2026-04-13 01:18:32'),
	(375, 375, 'Electronic Balast 220V 1x36W', 'pcs', 230.00, 14, 47, '2026-04-13 01:18:32', '2026-04-13 01:18:32'),
	(376, 376, 'Emergency Light Rechargeable, LED, twin-head', 'unit', 2662.00, 14, 47, '2026-04-13 01:18:32', '2026-04-13 01:18:32'),
	(377, 377, 'ESL/CFL, 18watts, daylight', 'pc', 320.00, 14, 47, '2026-04-13 01:18:32', '2026-04-13 01:18:32'),
	(378, 378, 'ESL/CFL, 25watts, daylight', 'pc', 368.00, 14, 47, '2026-04-13 01:18:32', '2026-04-13 01:18:32'),
	(379, 379, 'EWD40 anti-rust lubricant', 'tin', 393.00, 14, 47, '2026-04-13 01:18:32', '2026-04-13 01:18:32'),
	(380, 380, 'LED Bulb day light, 18 watts', 'pc', 303.00, 14, 47, '2026-04-13 01:18:32', '2026-04-13 01:18:32'),
	(381, 381, 'LED Bulb, day light, 15watts', 'pc', 475.00, 14, 47, '2026-04-13 01:18:32', '2026-04-13 01:18:32'),
	(382, 382, 'LED Bulb, warmwhite, 12watts', 'pc', 360.00, 14, 47, '2026-04-13 01:18:32', '2026-04-13 01:18:32'),
	(383, 383, 'LED Bulb, warmwhite, 15watts', 'pc', 475.00, 14, 47, '2026-04-13 01:18:32', '2026-04-13 01:18:32'),
	(384, 384, 'LED T5, 14w daylight (Lites Plus)', 'set', 523.00, 14, 47, '2026-04-13 01:18:32', '2026-04-13 01:18:32'),
	(385, 385, 'LED T5, 8w daylight (Lites Plus)', 'set', 414.00, 14, 47, '2026-04-13 01:18:32', '2026-04-13 01:18:32'),
	(386, 386, 'Male plug rubber', 'pc', 89.00, 14, 47, '2026-04-13 01:18:32', '2026-04-13 01:18:32'),
	(387, 387, 'Office Extension Cord, 5 mtrs, 5 gang, with switch', 'pc', 1101.00, 14, 47, '2026-04-13 01:18:32', '2026-04-13 01:18:32'),
	(388, 388, 'Pin Light Square AC100 - 265w 9w DLLP .0316 IN-7050', 'set', 1162.00, 14, 47, '2026-04-13 01:18:32', '2026-04-13 01:18:32'),
	(389, 389, 'Polyethylene Tape', 'roll', 190.00, 14, 47, '2026-04-13 01:18:32', '2026-04-13 01:18:32'),
	(390, 390, 'Pump pliers, Size:10"/250mm, Max clamping open:40mm, TPR two color handle (Yellow and Black)', 'piece', 742.00, 14, 47, '2026-04-13 01:18:32', '2026-04-13 01:18:32'),
	(391, 391, 'Refrigerant 32 3kg (Freon)', 'btl', 3241.00, 14, 47, '2026-04-13 01:18:32', '2026-04-13 01:18:32'),
	(392, 392, 'Refrigerant 410A 11.3kg (Freon)', 'btl', 9797.00, 14, 47, '2026-04-13 01:18:32', '2026-04-13 01:18:32'),
	(393, 393, 'All Purpose Oil', 'btl', 81.00, 14, 47, '2026-04-13 01:18:32', '2026-04-13 01:18:32'),
	(394, 394, 'Square Recessed Slim Downlight, LED, Daylight 12W', 'pc', 439.00, 14, 47, '2026-04-13 01:18:32', '2026-04-13 01:18:32'),
	(395, 395, 'Square Recessed Slim Downlight, LED, Daylight 18W', 'pc', 657.00, 14, 47, '2026-04-13 01:18:32', '2026-04-13 01:18:32'),
	(396, 396, 'Staple Wire #1', 'box', 47.00, 14, 47, '2026-04-13 01:18:32', '2026-04-13 01:18:32'),
	(397, 397, 'Super glue big', 'pc', 211.00, 14, 47, '2026-04-13 01:18:32', '2026-04-13 01:18:32'),
	(398, 398, 'THHN Wire #12/7, 150 meters', 'roll', 5436.00, 14, 47, '2026-04-13 01:18:32', '2026-04-13 01:18:32'),
	(399, 399, 'THHN Wire #14/7, 150 meters', 'roll', 16117.00, 14, 47, '2026-04-13 01:18:32', '2026-04-13 01:18:32'),
	(400, 400, 'Tite Foam insulating Foam sealant', 'can', 1535.00, 14, 47, '2026-04-13 01:18:32', '2026-04-13 01:18:32'),
	(401, 401, 'Allen Wrench, 13 pcs, Ball point Long Arm Allen Hex Key Set', 'set', 875.00, 15, 47, '2026-04-13 01:18:32', '2026-04-13 01:18:32'),
	(402, 402, 'Diagonal Cutter pliers, 7", Heavy Duty', 'pc', 1349.00, 15, 47, '2026-04-13 01:18:32', '2026-04-13 01:18:32'),
	(403, 403, 'Drill bit set (Masonry)', 'set', 1335.00, 15, 47, '2026-04-13 01:18:32', '2026-04-13 01:18:32'),
	(404, 404, 'Electric Blower, 400 watts Heavy Duty', 'unit', 3128.00, 15, 47, '2026-04-13 01:18:33', '2026-04-13 01:18:33'),
	(405, 405, 'Electrical Gloves', 'pc', 3711.00, 15, 47, '2026-04-13 01:18:33', '2026-04-13 01:18:33'),
	(406, 406, 'Electrical Harness', 'pc', 4912.00, 15, 47, '2026-04-13 01:18:33', '2026-04-13 01:18:33'),
	(407, 407, 'Electrical Plier, 6"', 'pc', 523.00, 15, 47, '2026-04-13 01:18:33', '2026-04-13 01:18:33'),
	(408, 408, 'Long Nose Plier, Heavy Duty, 7"', 'pc', 957.00, 15, 47, '2026-04-13 01:18:33', '2026-04-13 01:18:33'),
	(409, 409, 'Multi Funtional Portable 9 pocket tools (Holster)', 'pc', 1062.00, 15, 47, '2026-04-13 01:18:33', '2026-04-13 01:18:33'),
	(410, 410, 'Pliers, Line man, Heavy Duty, 10"', 'pc', 4371.00, 15, 47, '2026-04-13 01:18:33', '2026-04-13 01:18:33'),
	(411, 411, 'Screw Driver', 'set', 736.00, 15, 47, '2026-04-13 01:18:33', '2026-04-13 01:18:33'),
	(412, 412, 'Drum Type Extension, 50 mtrs, Heavy Duty Extension Wire', 'unit', 5300.00, 16, 47, '2026-04-13 01:18:33', '2026-04-13 01:18:33'),
	(413, 413, 'Hammer drill, cordless, Heavy Duty, Rechargeable', 'unit', 4014.00, 16, 47, '2026-04-13 01:18:33', '2026-04-13 01:18:33'),
	(414, 414, 'Hammer drill, with cordl, Heavy Duty,', 'unit', 3988.00, 16, 47, '2026-04-13 01:18:33', '2026-04-13 01:18:33'),
	(415, 415, 'Industrial Rotary hammer, 1500 watts, Heavy Duty', 'unit', 11110.00, 16, 47, '2026-04-13 01:18:33', '2026-04-13 01:18:33'),
	(416, 416, 'Ladder, A-Type, 7ft', 'unit', 12788.00, 16, 47, '2026-04-13 01:18:33', '2026-04-13 01:18:33'),
	(417, 417, 'Ladder, Extendable (Fiber Glass), 24ft', 'unit', 30913.00, 16, 47, '2026-04-13 01:18:33', '2026-04-13 01:18:33'),
	(418, 418, 'Mop Gas with Torch', 'unit', 2584.00, 16, 47, '2026-04-13 01:18:33', '2026-04-13 01:18:33'),
	(419, 419, 'Pressure Tank - 81 liters', 'unit', 13749.00, 16, 47, '2026-04-13 01:18:33', '2026-04-13 01:18:33'),
	(420, 420, 'Safety Boots, Heavy Duty,10", High-cut', 'pair', 2513.00, 16, 47, '2026-04-13 01:18:33', '2026-04-13 01:18:33'),
	(421, 421, 'Safety Boots, Heavy Duty,11", High-cut', 'pair', 2773.00, 16, 47, '2026-04-13 01:18:33', '2026-04-13 01:18:33'),
	(422, 422, '2T Oil, 1000 ml', 'btl', 239.00, 17, 40, '2026-04-13 01:18:33', '2026-04-13 01:18:33'),
	(423, 423, '2T Oil, 200 ml', 'btl', 62.00, 17, 40, '2026-04-13 01:18:33', '2026-04-13 01:18:33'),
	(424, 424, 'ATF Oil', 'liter', 271.00, 17, 40, '2026-04-13 01:18:33', '2026-04-13 01:18:33'),
	(425, 425, 'Diesel', 'liter', 70.00, 17, 40, '2026-04-13 01:18:33', '2026-04-13 01:18:33'),
	(426, 426, 'Gasoline', 'liter', 80.00, 17, 40, '2026-04-13 01:18:33', '2026-04-13 01:18:33'),
	(427, 427, 'Engine oil #30, gasoline', 'liter', 381.00, 17, 40, '2026-04-13 01:18:33', '2026-04-13 01:18:33'),
	(428, 428, 'Engine oil SAE #40, diesel', 'liter', 381.00, 17, 40, '2026-04-13 01:18:33', '2026-04-13 01:18:33'),
	(429, 429, 'Engine oil, diesel, fully synthetic, 1L', 'btl', 1106.00, 17, 40, '2026-04-13 01:18:33', '2026-04-13 01:18:33'),
	(430, 430, 'Engine oil, gasoline, fully synthetic, 1L', 'btl', 1106.00, 17, 40, '2026-04-13 01:18:33', '2026-04-13 01:18:33'),
	(431, 431, 'Gear Oil', 'liter', 293.00, 17, 40, '2026-04-13 01:18:33', '2026-04-13 01:18:33'),
	(432, 432, 'Lubricant Oil (WD-40) 382ml', 'can', 382.00, 17, 40, '2026-04-13 01:18:33', '2026-04-13 01:18:33'),
	(433, 433, 'Floor Polisher', 'unit', 55439.00, 18, 122, '2026-04-13 01:18:33', '2026-04-13 01:18:33'),
	(434, 434, '2 wheels mobile recycling garbage waste bin (black), 240L', 'pc', 7150.00, 18, 47, '2026-04-13 01:18:33', '2026-04-13 01:18:33'),
	(435, 435, '2 wheels mobile recycling garbage waste bin (blue), 240L', 'pc', 7150.00, 18, 47, '2026-04-13 01:18:33', '2026-04-13 01:18:33'),
	(436, 436, '2 wheels mobile recycling garbage waste bin (green), 240L', 'pc', 7150.00, 18, 47, '2026-04-13 01:18:33', '2026-04-13 01:18:33'),
	(437, 437, '2 wheels mobile recycling garbage waste bin (red), 240L', 'pc', 7150.00, 18, 47, '2026-04-13 01:18:33', '2026-04-13 01:18:33'),
	(438, 438, '2 wheels mobile recycling garbage waste bin (yellow), 240L', 'pc', 7150.00, 18, 47, '2026-04-13 01:18:33', '2026-04-13 01:18:33'),
	(439, 439, '3 arm Rotating Garden Sprinkler Automatic 360 degree', 'pc', 1084.00, 18, 47, '2026-04-13 01:18:33', '2026-04-13 01:18:33'),
	(440, 440, 'Air freshener, automatic spray refill 175g/269ml - Glade', 'tin', 416.00, 18, 47, '2026-04-13 01:18:33', '2026-04-13 01:18:33'),
	(441, 441, 'Air freshener, automatic spray, 269ml/175g - Glade', 'set', 569.00, 18, 47, '2026-04-13 01:18:33', '2026-04-13 01:18:33'),
	(442, 442, 'Air freshener, scented gel, 180g', 'pc', 404.00, 18, 47, '2026-04-13 01:18:33', '2026-04-13 01:18:33'),
	(443, 443, 'Air freshener, spray, 320ml', 'tin', 341.00, 18, 47, '2026-04-13 01:18:33', '2026-04-13 01:18:33'),
	(444, 444, 'Alcohol, ISOPROPYL, 68%-70%, 1gal', 'gal', 820.00, 18, 47, '2026-04-13 01:18:33', '2026-04-13 01:18:33'),
	(445, 445, 'Alcohol, ISOPROPYL, 68%-70%, 500ml', 'btl', 127.00, 18, 47, '2026-04-13 01:18:33', '2026-04-13 01:18:33'),
	(446, 446, 'All-purpose car polisher and protector, liquid, 295 ml', 'btl', 395.00, 18, 47, '2026-04-13 01:18:33', '2026-04-13 01:18:33'),
	(447, 447, 'All-purpose car protector, wax, 180ml', 'pc', 519.00, 18, 47, '2026-04-13 01:18:33', '2026-04-13 01:18:33'),
	(448, 448, 'Anti Bacterial skin cleanser(6botls/box)', 'bx', 5968.00, 18, 47, '2026-04-13 01:18:33', '2026-04-13 01:18:33'),
	(449, 449, 'Bath soap, 135g', 'pc', 75.00, 18, 47, '2026-04-13 01:18:33', '2026-04-13 01:18:33'),
	(450, 450, 'Bathroom deodorizing cake w/ cover, 50g', 'pc', 61.00, 18, 47, '2026-04-13 01:18:33', '2026-04-13 01:18:33'),
	(451, 451, 'Bleach, Chlorox, 500ml', 'btl', 32.00, 18, 47, '2026-04-13 01:18:33', '2026-04-13 01:18:33'),
	(452, 452, 'Bleach, Chlorox, gal', 'btl', 199.00, 18, 47, '2026-04-13 01:18:33', '2026-04-13 01:18:33'),
	(453, 453, 'Broom, ceiling *', 'pc', 152.00, 18, 47, '2026-04-13 01:18:33', '2026-04-13 01:18:33'),
	(454, 454, 'Broom, soft (tambo)*', 'pc', 220.00, 18, 47, '2026-04-13 01:18:33', '2026-04-13 01:18:33'),
	(455, 455, 'Broom, stick (tingting) *', 'pc', 83.00, 18, 47, '2026-04-13 01:18:33', '2026-04-13 01:18:33'),
	(456, 456, 'Car freshener, cake, 40g', 'can', 347.00, 18, 47, '2026-04-13 01:18:33', '2026-04-13 01:18:33'),
	(457, 457, 'Car freshener, liquid, 7ml', 'pc', 404.00, 18, 47, '2026-04-13 01:18:33', '2026-04-13 01:18:33'),
	(458, 458, 'Chamois cloth, 1pc/tube orig', 'tube', 1073.00, 18, 47, '2026-04-13 01:18:33', '2026-04-13 01:18:33'),
	(459, 459, 'Chlorine, liquid, 18L (1gal)', 'btl', 831.00, 18, 47, '2026-04-13 01:18:33', '2026-04-13 01:18:33'),
	(460, 460, 'Cleaning cloth, (pranela)', 'pc', 51.00, 18, 47, '2026-04-13 01:18:33', '2026-04-13 01:18:33'),
	(461, 461, 'Detergent bar (Blue) - 380g', 'pc', 53.00, 18, 47, '2026-04-13 01:18:33', '2026-04-13 01:18:33'),
	(462, 462, 'Detergent bar (White) - 380g', 'pc', 44.00, 18, 47, '2026-04-13 01:18:33', '2026-04-13 01:18:33'),
	(463, 463, 'Detergent liquid, 1L', 'btl', 219.00, 18, 47, '2026-04-13 01:18:33', '2026-04-13 01:18:33'),
	(464, 464, 'Detergent powder, 1000g', 'pack', 196.00, 18, 47, '2026-04-13 01:18:33', '2026-04-13 01:18:33'),
	(465, 465, 'Detergent powder, 500g', 'pack', 110.00, 18, 47, '2026-04-13 01:18:33', '2026-04-13 01:18:33'),
	(466, 466, 'Dishwashing liquid, 250ml, lemon', 'btl', 156.00, 18, 47, '2026-04-13 01:18:33', '2026-04-13 01:18:33'),
	(467, 467, 'Dishwashing paste, 200g, lemon', 'pc', 34.00, 18, 47, '2026-04-13 01:18:33', '2026-04-13 01:18:33'),
	(468, 468, 'Disinfectant spray, 510g', 'tin', 693.00, 18, 47, '2026-04-13 01:18:33', '2026-04-13 01:18:33'),
	(469, 469, 'Disinfecting liquid, 1L', 'btl', 249.00, 18, 47, '2026-04-13 01:18:33', '2026-04-13 01:18:33'),
	(470, 470, 'Disinfecting liquid, 500ml', 'btl', 164.00, 18, 47, '2026-04-13 01:18:33', '2026-04-13 01:18:33'),
	(471, 471, 'Disinfecting liquid, gal', 'btl', 4371.00, 18, 47, '2026-04-13 01:18:33', '2026-04-13 01:18:33'),
	(472, 472, 'Disposable Gloves - Medium size, 50\'s', 'box', 314.00, 18, 47, '2026-04-13 01:18:33', '2026-04-13 01:18:33'),
	(473, 473, 'Door mat, cloth, plain color', 'pc', 55.00, 18, 47, '2026-04-13 01:18:33', '2026-04-13 01:18:33'),
	(474, 474, 'Door mat, Industrial (spag matting) meter, black', 'meter', 1513.00, 18, 47, '2026-04-13 01:18:33', '2026-04-13 01:18:33'),
	(475, 475, 'Drum with Cover (PVC) Per 50 Gallons', 'pc', 1595.00, 18, 47, '2026-04-13 01:18:33', '2026-04-13 01:18:33'),
	(476, 476, 'Dust pan, non-rigid plastic', 'pc', 85.00, 18, 47, '2026-04-13 01:18:33', '2026-04-13 01:18:33'),
	(477, 477, 'Duster w/ handle, feather', 'pc', 297.00, 18, 47, '2026-04-13 01:18:33', '2026-04-13 01:18:33'),
	(478, 478, 'Dusting rugs', 'pc', 9.00, 18, 47, '2026-04-13 01:18:33', '2026-04-13 01:18:33'),
	(479, 479, 'Dusting rugs, micro fiber cloth', 'pc', 95.00, 18, 47, '2026-04-13 01:18:33', '2026-04-13 01:18:33'),
	(480, 480, 'Emulsion buffable wax (Hotel Professional Cleaning) Hi- Intensifive Product, 1000ml', 'btl', 474.00, 18, 47, '2026-04-13 01:18:33', '2026-04-13 01:18:33'),
	(481, 481, 'Emulsion buffable wax (Hotel Professional Cleaning) Hi- Intensifive Product, gal', 'gal', 3960.00, 18, 47, '2026-04-13 01:18:33', '2026-04-13 01:18:33'),
	(482, 482, 'Fabric conditioner, 1000ml', 'btl', 355.00, 18, 47, '2026-04-13 01:18:33', '2026-04-13 01:18:33'),
	(483, 483, 'Fabric conditioner, gal', 'btl', 1172.00, 18, 47, '2026-04-13 01:18:33', '2026-04-13 01:18:33'),
	(484, 484, 'Facial tissue, 250 pulls', 'bx', 120.00, 18, 47, '2026-04-13 01:18:33', '2026-04-13 01:18:33'),
	(485, 485, 'Floor Mop, cotton w/ handle', 'pc', 451.00, 18, 47, '2026-04-13 01:18:33', '2026-04-13 01:18:33'),
	(486, 486, 'Floor mop, screw-type steel handle, with mop head cloth #40', 'pc', 220.00, 18, 47, '2026-04-13 01:18:33', '2026-04-13 01:18:33'),
	(487, 487, 'Floor mop, snap type, with mop head cloth', 'pc', 446.00, 18, 47, '2026-04-13 01:18:33', '2026-04-13 01:18:33'),
	(488, 488, 'Floor polisher brush 16", HD', 'pc', 1320.00, 18, 47, '2026-04-13 01:18:33', '2026-04-13 01:18:33'),
	(489, 489, 'Floor sign (caution wet floor)', 'pc', 633.00, 18, 47, '2026-04-13 01:18:33', '2026-04-13 01:18:33'),
	(490, 490, 'Floor wax, liquid, natural, 500ml', 'btl', 541.00, 18, 47, '2026-04-13 01:18:33', '2026-04-13 01:18:33'),
	(491, 491, 'Floor wax, paste, natural/ colorless, 2kg/ 2litres', 'can', 1727.00, 18, 47, '2026-04-13 01:18:33', '2026-04-13 01:18:33'),
	(492, 492, 'Furniture polish, 330ml', 'can', 462.00, 18, 47, '2026-04-13 01:18:33', '2026-04-13 01:18:33'),
	(493, 493, 'Garbage bag Small, green, 100\'s, green', 'pack', 303.00, 18, 47, '2026-04-13 01:18:33', '2026-04-13 01:18:33'),
	(494, 494, 'Garbage bag XL, green, 100\'s, green', 'pack', 743.00, 18, 47, '2026-04-13 01:18:33', '2026-04-13 01:18:33'),
	(495, 495, 'Garbage bag, large (100pcs/pack) 13x13x32, black', 'pack', 605.00, 18, 47, '2026-04-13 01:18:33', '2026-04-13 01:18:33'),
	(496, 496, 'Garbage bag, medium (100pcs/pack) 11x11x24, black', 'pack', 300.00, 18, 47, '2026-04-13 01:18:33', '2026-04-13 01:18:33'),
	(497, 497, 'Garbage bag, small (100pcs/pack) 9x9x18, black', 'pack', 262.00, 18, 47, '2026-04-13 01:18:33', '2026-04-13 01:18:33'),
	(498, 498, 'Garbage bag, small (100pcs/pack) 9x9x18, clear', 'pack', 263.00, 18, 47, '2026-04-13 01:18:33', '2026-04-13 01:18:33'),
	(499, 499, 'Garbage bag, small (100pcs/pack) 9x9x18, yellow', 'pack', 297.00, 18, 47, '2026-04-13 01:18:33', '2026-04-13 01:18:33'),
	(500, 500, 'Garbage bag, XL (100pcs/pack) 15x15x37, black', 'pack', 682.00, 18, 47, '2026-04-13 01:18:33', '2026-04-13 01:18:33'),
	(501, 501, 'Garbage bag, XL (100pcs/pack) 15x15x37, clear', 'pack', 1089.00, 18, 47, '2026-04-13 01:18:33', '2026-04-13 01:18:33'),
	(502, 502, 'Garbage Bag, XL (100pcs/pack), 15x15x37, yellow', 'pack', 1089.00, 18, 47, '2026-04-13 01:18:33', '2026-04-13 01:18:33'),
	(503, 503, 'Garbage bag, XXL(100pcs/pack), 18.5x18.5x40, black', 'pack', 1348.00, 18, 47, '2026-04-13 01:18:33', '2026-04-13 01:18:33'),
	(504, 504, 'Glass cleaner (1gal)', 'gal', 495.00, 18, 47, '2026-04-13 01:18:33', '2026-04-13 01:18:33'),
	(505, 505, 'Glass cleaner spray, 500ml', 'btl', 187.00, 18, 47, '2026-04-13 01:18:33', '2026-04-13 01:18:33'),
	(506, 506, 'Glass mop w/ wiper', 'pc', 259.00, 18, 47, '2026-04-13 01:18:33', '2026-04-13 01:18:33'),
	(507, 507, 'Heavy duty flashlight (Rechargeable 15 cadmium search light), big', 'unit', 1650.00, 18, 47, '2026-04-13 01:18:33', '2026-04-13 01:18:33'),
	(508, 508, 'Heavy duty flashlight (rechargeable 15 cadmium search light), small', 'unit', 902.00, 18, 47, '2026-04-13 01:18:33', '2026-04-13 01:18:33'),
	(509, 509, 'In-tank automatic bowl cleaner, 40gms', 'pc', 212.00, 18, 47, '2026-04-13 01:18:33', '2026-04-13 01:18:33'),
	(510, 510, 'Insect spray, 500ml', 'tin', 561.00, 18, 47, '2026-04-13 01:18:33', '2026-04-13 01:18:33'),
	(511, 511, 'Laundry gloves, arm-length, large', 'pair', 418.00, 18, 47, '2026-04-13 01:18:33', '2026-04-13 01:18:33'),
	(512, 512, 'Laundry gloves, arm-length, medium', 'pair', 414.00, 18, 47, '2026-04-13 01:18:33', '2026-04-13 01:18:33'),
	(513, 513, 'Laundry gloves, arm-length, small', 'pair', 402.00, 18, 47, '2026-04-13 01:18:33', '2026-04-13 01:18:33'),
	(514, 514, 'Laundry gloves, large', 'pair', 396.00, 18, 47, '2026-04-13 01:18:33', '2026-04-13 01:18:33'),
	(515, 515, 'Laundry gloves, medium', 'pair', 358.00, 18, 47, '2026-04-13 01:18:33', '2026-04-13 01:18:33'),
	(516, 516, 'Laundry gloves, small', 'pair', 317.00, 18, 47, '2026-04-13 01:18:33', '2026-04-13 01:18:33'),
	(517, 517, 'Liquid hand sanitizer, liquid, 1L with pump', 'bottle', 330.00, 18, 47, '2026-04-13 01:18:33', '2026-04-13 01:18:33'),
	(518, 518, 'Lubricant (WD-40) 382ml', 'pc', 330.00, 18, 47, '2026-04-13 01:18:33', '2026-04-13 01:18:33'),
	(519, 519, 'Magic mop (Easy Squeeze Mop)', 'pc', 539.00, 18, 47, '2026-04-13 01:18:33', '2026-04-13 01:18:33'),
	(520, 520, 'Magic mop, Head (Easy Squeeze Mop Refill)', 'pc', 314.00, 18, 47, '2026-04-13 01:18:33', '2026-04-13 01:18:33'),
	(521, 521, 'Mop head, 100% rayon, 400g (Mop Head cloth#40)', 'pc', 424.00, 18, 47, '2026-04-13 01:18:33', '2026-04-13 01:18:33'),
	(522, 522, 'Mop squeezer, heavy duty', 'pc', 1936.00, 18, 47, '2026-04-13 01:18:33', '2026-04-13 01:18:33'),
	(523, 523, 'Plastic dipper (tabo)', 'pc', 47.00, 18, 47, '2026-04-13 01:18:33', '2026-04-13 01:18:33'),
	(524, 524, 'Plastic drum (big blue), 120L, with lid', 'pc', 2530.00, 18, 47, '2026-04-13 01:18:33', '2026-04-13 01:18:33'),
	(525, 525, 'Plastic pail 16L (with cover)', 'pc', 292.00, 18, 47, '2026-04-13 01:18:33', '2026-04-13 01:18:33'),
	(526, 526, 'Plastic pail 24L (with cover)', 'pc', 396.00, 18, 47, '2026-04-13 01:18:33', '2026-04-13 01:18:33'),
	(527, 527, 'Plastic Tube Welding Tool w/ Heating Sockets', 'set', 16198.00, 18, 47, '2026-04-13 01:18:33', '2026-04-13 01:18:33'),
	(528, 528, 'Plastic twine, 1kg', 'roll', 116.00, 18, 47, '2026-04-13 01:18:33', '2026-04-13 01:18:33'),
	(529, 529, 'Protective goggles', 'pc', 116.00, 18, 47, '2026-04-13 01:18:33', '2026-04-13 01:18:33'),
	(530, 530, 'Push brush w/ long wooden handle, heavy duty', 'pc', 275.00, 18, 47, '2026-04-13 01:18:33', '2026-04-13 01:18:33'),
	(531, 531, 'Rags, all cotton (Stopa)', 'kilo', 129.00, 18, 47, '2026-04-13 01:18:33', '2026-04-13 01:18:33'),
	(532, 532, 'Rain coat, jacket & pants, 2XL', 'pair', 1089.00, 18, 47, '2026-04-13 01:18:33', '2026-04-13 01:18:33'),
	(533, 533, 'Rain coat, jacket & pants, 3XL', 'pair', 1073.00, 18, 47, '2026-04-13 01:18:33', '2026-04-13 01:18:33'),
	(534, 534, 'Rain coat, jacket & pants, L', 'pair', 979.00, 18, 47, '2026-04-13 01:18:33', '2026-04-13 01:18:33'),
	(535, 535, 'Rain coat, jacket & pants, M', 'pair', 979.00, 18, 47, '2026-04-13 01:18:33', '2026-04-13 01:18:33'),
	(536, 536, 'Rain coat, jacket & pants, S', 'pair', 880.00, 18, 47, '2026-04-13 01:18:33', '2026-04-13 01:18:33'),
	(537, 537, 'Rain coat, jacket & pants, XL', 'pair', 1089.00, 18, 47, '2026-04-13 01:18:33', '2026-04-13 01:18:33'),
	(538, 538, 'Rain coat, poncho, 2XL', 'pc', 849.00, 18, 47, '2026-04-13 01:18:33', '2026-04-13 01:18:33'),
	(539, 539, 'Rain coat, poncho, 3XL', 'pc', 869.00, 18, 47, '2026-04-13 01:18:33', '2026-04-13 01:18:33'),
	(540, 540, 'Rain coat, poncho, L', 'pc', 787.00, 18, 47, '2026-04-13 01:18:33', '2026-04-13 01:18:33'),
	(541, 541, 'Rain coat, poncho, M', 'pc', 805.00, 18, 47, '2026-04-13 01:18:33', '2026-04-13 01:18:33'),
	(542, 542, 'Rain coat, poncho, XL', 'pc', 814.00, 18, 47, '2026-04-13 01:18:33', '2026-04-13 01:18:33'),
	(543, 543, 'Rubber boots, L, 10"', 'pair', 798.00, 18, 47, '2026-04-13 01:18:33', '2026-04-13 01:18:33'),
	(544, 544, 'Rubber boots, M, 8"', 'pair', 715.00, 18, 47, '2026-04-13 01:18:33', '2026-04-13 01:18:33'),
	(545, 545, 'Rubber boots, S, 6"', 'pair', 605.00, 18, 47, '2026-04-13 01:18:33', '2026-04-13 01:18:33'),
	(546, 546, 'Rubber boots, XL, 12"', 'pair', 825.00, 18, 47, '2026-04-13 01:18:33', '2026-04-13 01:18:33'),
	(547, 547, 'Rugby, 350ml', 'btl', 160.00, 18, 47, '2026-04-13 01:18:33', '2026-04-13 01:18:33'),
	(548, 548, 'scratch remover', 'pc', 440.00, 18, 47, '2026-04-13 01:18:33', '2026-04-13 01:18:33'),
	(549, 549, 'Scrubbing brush plastic', 'pc', 72.00, 18, 47, '2026-04-13 01:18:33', '2026-04-13 01:18:33'),
	(550, 550, 'Scrubbing pad, 3"x6"', 'pc', 69.00, 18, 47, '2026-04-13 01:18:33', '2026-04-13 01:18:33'),
	(551, 551, 'Sink clog remover, 250ml', 'btl', 97.00, 18, 47, '2026-04-13 01:18:33', '2026-04-13 01:18:33'),
	(552, 552, 'Spin mop w/ bucket', 'unit', 2750.00, 18, 47, '2026-04-13 01:18:33', '2026-04-13 01:18:33'),
	(553, 553, 'Sponge 3"x6", heavy duty', 'pc', 63.00, 18, 47, '2026-04-13 01:18:33', '2026-04-13 01:18:33'),
	(554, 554, 'Sprayer, plastic bottle, transparent, 500ml', 'pc', 66.00, 18, 47, '2026-04-13 01:18:33', '2026-04-13 01:18:33'),
	(555, 555, 'Steel wool, scrubber', 'pc', 80.00, 18, 47, '2026-04-13 01:18:33', '2026-04-13 01:18:33'),
	(556, 556, 'Tire Black, 8.2 oz', 'bot', 438.00, 18, 47, '2026-04-13 01:18:33', '2026-04-13 01:18:33'),
	(557, 557, 'Tissue paper, 2ply, soft', 'roll', 22.00, 18, 47, '2026-04-13 01:18:33', '2026-04-13 01:18:33'),
	(558, 558, 'Tissue paper, 2ply, soft, 12 rolls/pack', 'pack', 275.00, 18, 47, '2026-04-13 01:18:33', '2026-04-13 01:18:33'),
	(559, 559, 'Tissue, Interfolded paper towel, 16 packs/box', 'bx', 3795.00, 18, 47, '2026-04-13 01:18:33', '2026-04-13 01:18:33'),
	(560, 560, 'Tissue, jumbo roll, 12 rolls/box', 'bx', 4414.00, 18, 47, '2026-04-13 01:18:33', '2026-04-13 01:18:33'),
	(561, 561, 'Tissue, slim, roll, hand towel, 6 rolls/box', 'bx', 3960.00, 18, 47, '2026-04-13 01:18:33', '2026-04-13 01:18:33'),
	(562, 562, 'Toilet Bowl Cleaner, 1000ml', 'btl', 407.00, 18, 47, '2026-04-13 01:18:33', '2026-04-13 01:18:33'),
	(563, 563, 'Toilet bowl cleaner, gal', 'gal', 891.00, 18, 47, '2026-04-13 01:18:33', '2026-04-13 01:18:33'),
	(564, 564, 'Toilet brush, plastic bristle', 'pc', 51.00, 18, 47, '2026-04-13 01:18:33', '2026-04-13 01:18:33'),
	(565, 565, 'Toilet rubber pump', 'pc', 165.00, 18, 47, '2026-04-13 01:18:33', '2026-04-13 01:18:33'),
	(566, 566, 'Trash can/ bin, plastic w/ cover, M - 11L', 'pc', 385.00, 18, 47, '2026-04-13 01:18:33', '2026-04-13 01:18:33'),
	(567, 567, 'Trash can/ bin, plastic w/ cover, S - 8L', 'pc', 374.00, 18, 47, '2026-04-13 01:18:33', '2026-04-13 01:18:33'),
	(568, 568, 'Trash can/ bin, stainless, 30L', 'pc', 4180.00, 18, 47, '2026-04-13 01:18:33', '2026-04-13 01:18:33'),
	(569, 569, 'Trashbin plastic with cover swing type 15 ltrs', 'pc', 385.00, 18, 47, '2026-04-13 01:18:33', '2026-04-13 01:18:33'),
	(570, 570, 'Trashbin plastic with cover swing type 25 ltrs', 'pc', 385.00, 18, 47, '2026-04-13 01:18:33', '2026-04-13 01:18:33'),
	(571, 571, 'Trashbin plastic with cover swing type 8 ltrs', 'pc', 385.00, 18, 47, '2026-04-13 01:18:33', '2026-04-13 01:18:33'),
	(572, 572, 'Weighing scale, 20kg', 'unit', 3603.00, 18, 47, '2026-04-13 01:18:33', '2026-04-13 01:18:33'),
	(573, 573, 'Wet wipes, 80 sheets/pack', 'pack', 154.00, 18, 47, '2026-04-13 01:18:33', '2026-04-13 01:18:33'),
	(574, 574, 'Garden Gloves, Large', 'pc', 212.00, 19, 47, '2026-04-13 01:18:33', '2026-04-13 01:18:33'),
	(575, 575, 'Garden hose 1/2 diameter, 60m with fittings', 'rolls', 2838.00, 19, 47, '2026-04-13 01:18:33', '2026-04-13 01:18:33'),
	(576, 576, 'Garden Hose, 1" diameter, 60m with fittings', 'rolls', 3190.00, 19, 47, '2026-04-13 01:18:33', '2026-04-13 01:18:33'),
	(577, 577, 'Garden Hose, 1/4 diameter, 60m, with fittings', 'rolls', 1788.00, 19, 47, '2026-04-13 01:18:33', '2026-04-13 01:18:33'),
	(578, 578, 'Garden Rake, 14 teeth with metal handle', 'pc', 545.00, 19, 47, '2026-04-13 01:18:33', '2026-04-13 01:18:33'),
	(579, 579, 'Garden Shade Net', 'pc', 1210.00, 19, 47, '2026-04-13 01:18:33', '2026-04-13 01:18:33'),
	(580, 580, 'Gardening trowel, 32cm', 'pc', 537.00, 19, 47, '2026-04-13 01:18:33', '2026-04-13 01:18:33'),
	(581, 581, 'Grass Cutter (Manual)', 'pc', 413.00, 19, 47, '2026-04-13 01:18:33', '2026-04-13 01:18:33'),
	(582, 582, 'Grass Cutter, nylon', 'roll', 542.00, 19, 47, '2026-04-13 01:18:33', '2026-04-13 01:18:33'),
	(583, 583, 'Heavy Duty Hand Truck Trolley Foldable Push Cart 150 kilograms Capacity Platform Type Trolley Foldable Platform Trolley For Lifting Heavy Weight Heavy Duty\nPush Cart - 150 kg Capacity', 'pc', 2750.00, 19, 47, '2026-04-13 01:18:33', '2026-04-13 01:18:33'),
	(584, 584, 'Japsaw, Heavy Duty', 'pc', 600.00, 19, 47, '2026-04-13 01:18:33', '2026-04-13 01:18:33'),
	(585, 585, 'Jungle Bolo, Heavy Duty 17"', 'pc', 861.00, 19, 47, '2026-04-13 01:18:33', '2026-04-13 01:18:33'),
	(586, 586, 'Karit (Ilocano: Kumpay) sickle', 'pc', 380.00, 19, 47, '2026-04-13 01:18:33', '2026-04-13 01:18:33'),
	(587, 587, 'Loam Soil (10 kgs)', 'bag', 214.00, 19, 47, '2026-04-13 01:18:33', '2026-04-13 01:18:33'),
	(588, 588, 'Long Arm Pruning Shears, manual', 'pc', 1959.00, 19, 47, '2026-04-13 01:18:33', '2026-04-13 01:18:33'),
	(589, 589, 'Metal Pick Hoe Piko or Pick Mattock for Gardening 28\ninches by 7 inches', 'pc', 963.00, 19, 47, '2026-04-13 01:18:33', '2026-04-13 01:18:33'),
	(590, 590, 'Plastic Sprayer w/ Nozzle, Heavy Duty, 1.5 ltr.', 'pc', 270.00, 19, 47, '2026-04-13 01:18:33', '2026-04-13 01:18:33'),
	(591, 591, 'Pots, Plastic, L', 'pc', 198.00, 19, 47, '2026-04-13 01:18:33', '2026-04-13 01:18:33'),
	(592, 592, 'Pots, Plastic, M', 'pc', 154.00, 19, 47, '2026-04-13 01:18:33', '2026-04-13 01:18:33'),
	(593, 593, 'Pots, Plastic, S', 'pc', 99.00, 19, 47, '2026-04-13 01:18:33', '2026-04-13 01:18:33'),
	(594, 594, 'Pots, Plastic, XL', 'pc', 242.00, 19, 47, '2026-04-13 01:18:33', '2026-04-13 01:18:33'),
	(595, 595, 'Prunning Shears, Heavy Duty', 'pc', 660.00, 19, 47, '2026-04-13 01:18:33', '2026-04-13 01:18:33'),
	(596, 596, 'Safety Face Shields Head Mounted, heavy duty', 'pc', 1409.00, 19, 47, '2026-04-13 01:18:34', '2026-04-13 01:18:34'),
	(597, 597, 'Seedling Bag, 3" x 3" x 6", 100pcs/pack', 'pack', 116.00, 19, 47, '2026-04-13 01:18:34', '2026-04-13 01:18:34'),
	(598, 598, 'Seedling Bag, 6" x6" x 10", 100pcs/pack', 'pack', 325.00, 19, 47, '2026-04-13 01:18:34', '2026-04-13 01:18:34'),
	(599, 599, 'Shovel, Heavy Duty', 'pc', 715.00, 19, 47, '2026-04-13 01:18:34', '2026-04-13 01:18:34'),
	(600, 600, 'Spading Fork 4 teeth, Heavy duty', 'pc', 1540.00, 19, 47, '2026-04-13 01:18:34', '2026-04-13 01:18:34'),
	(601, 601, 'Spading Fork, 78 X 120mm, garden tools', 'pc', 605.00, 19, 47, '2026-04-13 01:18:34', '2026-04-13 01:18:34'),
	(602, 602, 'Straight Bar ( Bareta 5ft), Heavy Duty', 'pc', 770.00, 19, 47, '2026-04-13 01:18:34', '2026-04-13 01:18:34'),
	(603, 603, 'Trolley, Heavy Duty, 75kg max. Load, Heavy Duty', 'pc', 6600.00, 19, 47, '2026-04-13 01:18:34', '2026-04-13 01:18:34'),
	(604, 604, 'Wheelbarrow, Heavy Duty', 'pc', 4510.00, 19, 47, '2026-04-13 01:18:34', '2026-04-13 01:18:34'),
	(605, 605, 'Faucet, Goose Neck, Retractable & Rotatable', 'pc', 2052.00, 20, 47, '2026-04-13 01:18:34', '2026-04-13 01:18:34'),
	(606, 606, 'Faucet, Ordinary', 'pc', 198.00, 20, 47, '2026-04-13 01:18:34', '2026-04-13 01:18:34'),
	(607, 607, 'Faucet, Stainless', 'pc', 550.00, 20, 47, '2026-04-13 01:18:34', '2026-04-13 01:18:34'),
	(608, 608, 'Faucet, stainless delayed urinal valve push type', 'pc', 3307.00, 20, 47, '2026-04-13 01:18:34', '2026-04-13 01:18:34'),
	(609, 609, 'Pressure Gauge', 'pc', 341.00, 20, 47, '2026-04-13 01:18:34', '2026-04-13 01:18:34'),
	(610, 610, 'Pressure Switch', 'pc', 352.00, 20, 47, '2026-04-13 01:18:34', '2026-04-13 01:18:34'),
	(611, 611, 'PVC Male Adapter, 3/4" dia.', 'pc', 28.00, 20, 47, '2026-04-13 01:18:34', '2026-04-13 01:18:34'),
	(612, 612, 'Rubber Flapper for water closet, 2"', 'pc', 172.00, 20, 47, '2026-04-13 01:18:34', '2026-04-13 01:18:34'),
	(613, 613, 'Steel Lavatory Flexible Hose for Plumbing and Tap\nFaucet Double Nuts Connector, 1/2 X 1/2 X 12"', 'pc', 191.00, 20, 47, '2026-04-13 01:18:34', '2026-04-13 01:18:34'),
	(614, 614, 'Toilet Bidet Sprayer SUS 304 stainless Heavy Duty', 'set', 525.00, 20, 47, '2026-04-13 01:18:34', '2026-04-13 01:18:34'),
	(615, 615, 'Toilet Tank Accessories Repair Kits 18cm Toilet Flush Outlet Valve Water Tank Fittings Toilet Replacement\nParts', 'pc', 879.00, 20, 47, '2026-04-13 01:18:34', '2026-04-13 01:18:34'),
	(616, 616, 'Pipe Cutter, Heavy duty', 'pc', 1208.00, 21, 47, '2026-04-13 01:18:34', '2026-04-13 01:18:34'),
	(617, 617, 'Pipe Wrench, 24", Heavy duty', 'pc', 5734.00, 21, 47, '2026-04-13 01:18:34', '2026-04-13 01:18:34'),
	(618, 618, 'Water Pump Plier, 8", 10", 12", Heavy Duty', 'set', 1286.00, 21, 47, '2026-04-13 01:18:34', '2026-04-13 01:18:34'),
	(619, 619, 'AA battery, black, 2550mAh 1.2V, rechargeable, 4 pcs', 'pack', 572.00, 22, 32, '2026-04-13 01:18:34', '2026-04-13 01:18:34'),
	(620, 620, 'AA battery, black, 2550mAh 1.2V, 4pcs/pack', 'pc', 734.00, 22, 32, '2026-04-13 01:18:34', '2026-04-13 01:18:34'),
	(621, 621, 'Adding Machine Paper roll, 57mm', 'roll', 51.00, 22, 32, '2026-04-13 01:18:34', '2026-04-13 01:18:34'),
	(622, 622, 'Adhesive Paste, 200g', 'btl', 94.00, 22, 32, '2026-04-13 01:18:34', '2026-04-13 01:18:34'),
	(623, 623, 'Adhesive Tape, 1" Double Sided w/ Foam, 10m', 'roll', 311.00, 22, 32, '2026-04-13 01:18:34', '2026-04-13 01:18:34'),
	(624, 624, 'Adhesive Tape, 1" Double Sided,10m', 'roll', 40.00, 22, 32, '2026-04-13 01:18:34', '2026-04-13 01:18:34'),
	(625, 625, 'Adhesive Tape, 1/2" Double Sided w/ Foam, 10m', 'roll', 127.00, 22, 32, '2026-04-13 01:18:34', '2026-04-13 01:18:34'),
	(626, 626, 'Adhesive Tape, 1/2" double sided, 10m', 'roll', 25.00, 22, 32, '2026-04-13 01:18:34', '2026-04-13 01:18:34'),
	(627, 627, 'Ballpen, Erasable Gel Pen 0.5mm Ink, Ballpoint, Black', 'pc', 124.00, 22, 32, '2026-04-13 01:18:34', '2026-04-13 01:18:34'),
	(628, 628, 'Ballpen, Erasable Gel Pen 0.5mm Ink, Ballpoint, Blue', 'pc', 124.00, 22, 32, '2026-04-13 01:18:34', '2026-04-13 01:18:34'),
	(629, 629, 'Ballpen, Ordinary, Black', 'pc', 11.00, 22, 32, '2026-04-13 01:18:34', '2026-04-13 01:18:34'),
	(630, 630, 'Ballpen, Ordinary, Blue', 'pc', 11.00, 22, 32, '2026-04-13 01:18:34', '2026-04-13 01:18:34'),
	(631, 631, 'Ballpen, Ordinary, Red', 'pc', 11.00, 22, 32, '2026-04-13 01:18:34', '2026-04-13 01:18:34'),
	(632, 632, 'Ballpen, Special, Black', 'pc', 57.00, 22, 32, '2026-04-13 01:18:34', '2026-04-13 01:18:34'),
	(633, 633, 'Ballpen, Special, Blue', 'pc', 57.00, 22, 32, '2026-04-13 01:18:34', '2026-04-13 01:18:34'),
	(634, 634, 'Ballpen, Special, Green', 'pc', 48.00, 22, 32, '2026-04-13 01:18:34', '2026-04-13 01:18:34'),
	(635, 635, 'Ballpen, Special, Red', 'pc', 57.00, 22, 32, '2026-04-13 01:18:34', '2026-04-13 01:18:34'),
	(636, 636, 'Battery charger, 9 volts, for AA and AAA', 'unit', 3808.00, 22, 32, '2026-04-13 01:18:34', '2026-04-13 01:18:34'),
	(637, 637, 'Battery, AA Rechargeable, 2pcs per Pack', 'pack', 813.00, 22, 32, '2026-04-13 01:18:34', '2026-04-13 01:18:34'),
	(638, 638, 'Battery, AA, Alkaline, 2 pcs per pack, heavy duty', 'pack', 127.00, 22, 32, '2026-04-13 01:18:34', '2026-04-13 01:18:34'),
	(639, 639, 'Battery, AAA Rechargeable, 2pcs per Pack', 'pack', 1029.00, 22, 32, '2026-04-13 01:18:34', '2026-04-13 01:18:34'),
	(640, 640, 'Battery, AAA, Alkaline, 4pcs per pack, heavy duty', 'pack', 260.00, 22, 32, '2026-04-13 01:18:34', '2026-04-13 01:18:34'),
	(641, 641, 'Battery, CMOS, CR2032', 'pc', 124.00, 22, 32, '2026-04-13 01:18:34', '2026-04-13 01:18:34'),
	(642, 642, 'Battery, Dry Cell, AA Ordinary 2 pcs per pack', 'pack', 57.00, 22, 32, '2026-04-13 01:18:34', '2026-04-13 01:18:34'),
	(643, 643, 'Battery, Flat, 9 Volts, heavy duty', 'pc', 171.00, 22, 32, '2026-04-13 01:18:34', '2026-04-13 01:18:34'),
	(644, 644, 'Battery, Size C (Heavy Duty, Black) Max. Alkaline 2 pcs\nper pack', 'pack', 419.00, 22, 32, '2026-04-13 01:18:34', '2026-04-13 01:18:34'),
	(645, 645, 'Battery, Size D (Heavy Duty, Black) 2pcs per pack', 'pack', 138.00, 22, 32, '2026-04-13 01:18:34', '2026-04-13 01:18:34'),
	(646, 646, 'Board magnet, 6pcs per box', 'box', 48.00, 22, 32, '2026-04-13 01:18:34', '2026-04-13 01:18:34'),
	(647, 647, 'Board Paper, 220 gsm, 10pc/pack, Long, Cream', 'pack', 85.00, 22, 32, '2026-04-13 01:18:34', '2026-04-13 01:18:34'),
	(648, 648, 'Board Paper, 220 gsm, 10pc/pack, Short, Cream', 'pack', 76.00, 22, 32, '2026-04-13 01:18:34', '2026-04-13 01:18:34'),
	(649, 649, 'Board Paper, 220gsm, 10pc/pack, Long, White', 'pack', 55.00, 22, 32, '2026-04-13 01:18:34', '2026-04-13 01:18:34'),
	(650, 650, 'Board Paper, 220gsm, 10pc/pack, Short, White', 'pack', 57.00, 22, 32, '2026-04-13 01:18:34', '2026-04-13 01:18:34'),
	(651, 651, 'Bond Paper, S24, Acid-free, 8"x13"', 'rm', 328.00, 22, 32, '2026-04-13 01:18:34', '2026-04-13 01:18:34'),
	(652, 652, 'Book Stand/ Organizer, L-Type, Steel', 'pair', 390.00, 22, 32, '2026-04-13 01:18:34', '2026-04-13 01:18:34'),
	(653, 653, 'Calculator, 12-digits', 'unit', 705.00, 22, 32, '2026-04-13 01:18:34', '2026-04-13 01:18:34'),
	(654, 654, 'Calculator, printing, heavy duty, ribbon-type printer', 'unit', 3205.00, 22, 32, '2026-04-13 01:18:34', '2026-04-13 01:18:34'),
	(655, 655, 'Calculator, scientific', 'unit', 2354.00, 22, 32, '2026-04-13 01:18:34', '2026-04-13 01:18:34'),
	(656, 656, 'Carbon Paper, Long Permafilm, 100\'s/Box', 'box', 1275.00, 22, 32, '2026-04-13 01:18:34', '2026-04-13 01:18:34'),
	(657, 657, 'Cartolina, Ordinary, Blue', 'pc', 11.00, 22, 32, '2026-04-13 01:18:34', '2026-04-13 01:18:34'),
	(658, 658, 'Cartolina, Ordinary, Green', 'pc', 11.00, 22, 32, '2026-04-13 01:18:34', '2026-04-13 01:18:34'),
	(659, 659, 'Cartolina, Ordinary, Orange', 'pc', 11.00, 22, 32, '2026-04-13 01:18:34', '2026-04-13 01:18:34'),
	(660, 660, 'Cartolina, Ordinary, Pink', 'pc', 11.00, 22, 32, '2026-04-13 01:18:34', '2026-04-13 01:18:34'),
	(661, 661, 'Cartolina, Ordinary, Red', 'pc', 11.00, 22, 32, '2026-04-13 01:18:34', '2026-04-13 01:18:34'),
	(662, 662, 'Cartolina, Ordinary, White', 'pc', 11.00, 22, 32, '2026-04-13 01:18:34', '2026-04-13 01:18:34'),
	(663, 663, 'Cartolina, Ordinary, Yellow', 'pc', 11.00, 22, 32, '2026-04-13 01:18:34', '2026-04-13 01:18:34'),
	(664, 664, 'Cartolina, Special, Light Blue', 'pc', 16.00, 22, 32, '2026-04-13 01:18:34', '2026-04-13 01:18:34'),
	(665, 665, 'Cartolina, Special, White', 'pc', 16.00, 22, 32, '2026-04-13 01:18:34', '2026-04-13 01:18:34'),
	(666, 666, 'Certificate Folder w/ PGLU logo, Long, Maroon', 'pc', 648.00, 22, 32, '2026-04-13 01:18:34', '2026-04-13 01:18:34'),
	(667, 667, 'Certificate Folder, A4', 'pc', 70.00, 22, 32, '2026-04-13 01:18:34', '2026-04-13 01:18:34'),
	(668, 668, 'Certificate Folder, Long 8"x13"', 'pc', 85.00, 22, 32, '2026-04-13 01:18:34', '2026-04-13 01:18:34'),
	(669, 669, 'Certificate Folder, Short 8"x11"', 'pc', 49.00, 22, 32, '2026-04-13 01:18:34', '2026-04-13 01:18:34'),
	(670, 670, 'Certificate Frame, Glass, 8"x11"', 'pc', 308.00, 22, 32, '2026-04-13 01:18:34', '2026-04-13 01:18:34'),
	(671, 671, 'Certificate Frame, Glass, A4', 'pc', 89.00, 22, 32, '2026-04-13 01:18:34', '2026-04-13 01:18:34'),
	(672, 672, 'Clear Book refill, Long ,100s', 'pck', 283.00, 22, 32, '2026-04-13 01:18:34', '2026-04-13 01:18:34'),
	(673, 673, 'Clear Book with 20 leaves, long (Red & Blue)', 'pc', 238.00, 22, 32, '2026-04-13 01:18:34', '2026-04-13 01:18:34'),
	(674, 674, 'Clearbook, Long, purple, 20 Sheets, 27 holes', 'pc', 186.00, 22, 32, '2026-04-13 01:18:34', '2026-04-13 01:18:34'),
	(675, 675, 'Colored Paper, Assorted Colors, Long', 'rm', 341.00, 22, 32, '2026-04-13 01:18:34', '2026-04-13 01:18:34'),
	(676, 676, 'Columnar Notebook, 18 Columns', 'pc', 111.00, 22, 32, '2026-04-13 01:18:34', '2026-04-13 01:18:34'),
	(677, 677, 'Columnar Notebook, 3 Columns', 'pc', 63.00, 22, 32, '2026-04-13 01:18:34', '2026-04-13 01:18:34'),
	(678, 678, 'Concorde Laid Specialty Papers 90gsm 500\'s per ream, L. Yellow, Long, 8½"x13"', 'rm', 1141.00, 22, 32, '2026-04-13 01:18:34', '2026-04-13 01:18:34'),
	(679, 679, 'Concorde Laid Specialty Papers 90gsm 500\'s per ream, White, Long, 8½"x13"', 'rm', 973.00, 22, 32, '2026-04-13 01:18:34', '2026-04-13 01:18:34'),
	(680, 680, 'Concorde, Watermarked Laid Paper, Light Yellow A4', 'rm', 1305.00, 22, 32, '2026-04-13 01:18:34', '2026-04-13 01:18:34'),
	(681, 681, 'Conqueror/ Galgo Paper, A4, Evory, S24', 'rm', 1265.00, 22, 32, '2026-04-13 01:18:34', '2026-04-13 01:18:34'),
	(682, 682, 'Construction Paper, S24, Assorted Color, Long', 'rm', 373.00, 22, 32, '2026-04-13 01:18:34', '2026-04-13 01:18:34'),
	(683, 683, 'Copy paper, 8.5" x 11", Short', 'rm', 293.00, 22, 32, '2026-04-13 01:18:34', '2026-04-13 01:18:34'),
	(684, 684, 'Copy Paper, S20, A4', 'rm', 249.00, 22, 32, '2026-04-13 01:18:34', '2026-04-13 01:18:34'),
	(685, 685, 'Copy Paper, S20. Long 8½"x13"', 'rm', 286.00, 22, 32, '2026-04-13 01:18:34', '2026-04-13 01:18:34'),
	(686, 686, 'Copy Paper, S24, 80GSM, A3', 'rm', 413.00, 22, 32, '2026-04-13 01:18:34', '2026-04-13 01:18:34'),
	(687, 687, 'Copy Paper, S24, A4', 'rm', 272.00, 22, 32, '2026-04-13 01:18:34', '2026-04-13 01:18:34'),
	(688, 688, 'Copy Paper, S24, Long 8½"x13"', 'rm', 286.00, 22, 32, '2026-04-13 01:18:34', '2026-04-13 01:18:34'),
	(689, 689, 'Cork Board, 3\'x 5\'', 'pc', 3299.00, 22, 32, '2026-04-13 01:18:34', '2026-04-13 01:18:34'),
	(690, 690, 'Cork Board, 4\' x 6\'', 'pc', 5067.00, 22, 32, '2026-04-13 01:18:34', '2026-04-13 01:18:34'),
	(691, 691, 'Correction Fluid, 15ml', 'btl', 55.00, 22, 32, '2026-04-13 01:18:34', '2026-04-13 01:18:34'),
	(692, 692, 'Correction Tape, 5mm x12mm', 'pc', 62.00, 22, 32, '2026-04-13 01:18:34', '2026-04-13 01:18:34'),
	(693, 693, 'Cutter Big, Heavy Duty, Retractable w/ Steel Guide', 'pc', 414.00, 22, 32, '2026-04-13 01:18:34', '2026-04-13 01:18:34'),
	(694, 694, 'Cutter Blade, for heavy duty cutter', 'pc', 50.00, 22, 32, '2026-04-13 01:18:34', '2026-04-13 01:18:34'),
	(695, 695, 'Cutter, Big', 'pc', 127.00, 22, 32, '2026-04-13 01:18:34', '2026-04-13 01:18:34'),
	(696, 696, 'Data File Binder, Archfile Ring binder long with\nside clip', 'pc', 290.00, 22, 32, '2026-04-13 01:18:34', '2026-04-13 01:18:34'),
	(697, 697, 'Data File Binder, Archfile Ring binder short with\nside clip', 'pc', 221.00, 22, 32, '2026-04-13 01:18:34', '2026-04-13 01:18:34'),
	(698, 698, 'Dater Stamp', 'pc', 209.00, 22, 32, '2026-04-13 01:18:34', '2026-04-13 01:18:34'),
	(699, 699, 'Document File box, 11"W x 15 5/8" L x 11"H', 'pc', 738.00, 22, 32, '2026-04-13 01:18:34', '2026-04-13 01:18:34'),
	(700, 700, 'Duct tape, 1"', 'pcs', 98.00, 22, 32, '2026-04-13 01:18:34', '2026-04-13 01:18:34'),
	(701, 701, 'Duct Tape, 2" x 25m black', 'roll', 209.00, 22, 32, '2026-04-13 01:18:34', '2026-04-13 01:18:34'),
	(702, 702, 'Duct Tape, 2" x 25m, silver', 'roll', 165.00, 22, 32, '2026-04-13 01:18:34', '2026-04-13 01:18:34'),
	(703, 703, 'Engineer\'s Fieldbook Total', 'pc', 147.00, 22, 32, '2026-04-13 01:18:34', '2026-04-13 01:18:34'),
	(704, 704, 'Envelope, Brown, Long', 'pc', 7.00, 22, 32, '2026-04-13 01:18:34', '2026-04-13 01:18:34'),
	(705, 705, 'Envelope, Brown, Short', 'pc', 6.00, 22, 32, '2026-04-13 01:18:34', '2026-04-13 01:18:34'),
	(706, 706, 'Envelope, Expanding, Brown, Long, 0.50mm', 'pc', 30.00, 22, 32, '2026-04-13 01:18:34', '2026-04-13 01:18:34'),
	(707, 707, 'Envelope, Expanding, Brown, Short, 0.50mm', 'pc', 21.00, 22, 32, '2026-04-13 01:18:34', '2026-04-13 01:18:34'),
	(708, 708, 'Envelope, Expanding, Green, Long, 0.50mm', 'pc', 55.00, 22, 32, '2026-04-13 01:18:34', '2026-04-13 01:18:34'),
	(709, 709, 'Envelope, Expanding, Green, Short, 0.50mm', 'pc', 25.00, 22, 32, '2026-04-13 01:18:34', '2026-04-13 01:18:34'),
	(710, 710, 'Envelope, Expanding, Plastic, long, 0.50mm', 'pc', 88.00, 22, 32, '2026-04-13 01:18:34', '2026-04-13 01:18:34'),
	(711, 711, 'Envelope, Expanding, Yellow, Long, 0.50mm', 'pc', 22.00, 22, 32, '2026-04-13 01:18:34', '2026-04-13 01:18:34'),
	(712, 712, 'Envelope, Plastic, Long', 'pc', 40.00, 22, 32, '2026-04-13 01:18:34', '2026-04-13 01:18:34'),
	(713, 713, 'Envelope, Plastic, Short', 'pc', 20.00, 22, 32, '2026-04-13 01:18:34', '2026-04-13 01:18:34'),
	(714, 714, 'Eraser, for blackboard/whiteboard', 'pc', 28.00, 22, 32, '2026-04-13 01:18:34', '2026-04-13 01:18:34'),
	(715, 715, 'Eraser, plastic or rubber, 0.5" x 1.5"', 'pc', 17.00, 22, 32, '2026-04-13 01:18:34', '2026-04-13 01:18:34'),
	(716, 716, 'Fastener, Plastic, 8"/ 100\'s', 'box', 119.00, 22, 32, '2026-04-13 01:18:34', '2026-04-13 01:18:34'),
	(717, 717, 'Fastener, Plastic, Standard/50\'s', 'box', 64.00, 22, 32, '2026-04-13 01:18:34', '2026-04-13 01:18:34'),
	(718, 718, 'File Box with cover,11 W x16 L x 11.5 H', 'pc', 528.00, 22, 32, '2026-04-13 01:18:34', '2026-04-13 01:18:34'),
	(719, 719, 'File Organizer Expanding, Legal, 12 pockets, accordion file bag with handle', 'pc', 327.00, 22, 32, '2026-04-13 01:18:34', '2026-04-13 01:18:34'),
	(720, 720, 'Filing Box/ Storage Box, Blue cover - Plastic, 25L', 'pc', 336.00, 22, 32, '2026-04-13 01:18:34', '2026-04-13 01:18:34'),
	(721, 721, 'Filing Box/ Storage Box, Blue cover - Plastic, 50L', 'pc', 561.00, 22, 32, '2026-04-13 01:18:34', '2026-04-13 01:18:34'),
	(722, 722, 'Filing Box/ Storage Box, Blue cover - Plastic,95L', 'pc', 1086.00, 22, 32, '2026-04-13 01:18:34', '2026-04-13 01:18:34'),
	(723, 723, 'Flag Philippine Standard Size (Cotton), 3\'x5\'', 'pc', 345.00, 22, 32, '2026-04-13 01:18:34', '2026-04-13 01:18:34'),
	(724, 724, 'Folder Expanding (Pressboard), Long (Red color)', 'pc', 45.00, 22, 32, '2026-04-13 01:18:34', '2026-04-13 01:18:34'),
	(725, 725, 'Folder Expanding (Pressboard), Long blue color', 'pc', 30.00, 22, 32, '2026-04-13 01:18:34', '2026-04-13 01:18:34'),
	(726, 726, 'Folder Expanding (Pressboard), Long green color', 'pc', 30.00, 22, 32, '2026-04-13 01:18:34', '2026-04-13 01:18:34'),
	(727, 727, 'Folder Expanding (Pressboard), size 240mm x 370mm,\n100 pcs per box', 'box', 1023.00, 22, 32, '2026-04-13 01:18:34', '2026-04-13 01:18:34'),
	(728, 728, 'Folder Morroco with stick, Long (Asstd. Color)', 'pc', 19.00, 22, 32, '2026-04-13 01:18:34', '2026-04-13 01:18:34'),
	(729, 729, 'Folder Morroco with Stick, Short (Asstd. Colors)', 'pc', 19.00, 22, 32, '2026-04-13 01:18:34', '2026-04-13 01:18:34'),
	(730, 730, 'Folder Plastic, Long', 'pc', 27.00, 22, 32, '2026-04-13 01:18:34', '2026-04-13 01:18:34'),
	(731, 731, 'Folder Plastic, Short', 'pc', 43.00, 22, 32, '2026-04-13 01:18:34', '2026-04-13 01:18:34'),
	(732, 732, 'Folder, (White) Long', 'pc', 13.00, 22, 32, '2026-04-13 01:18:34', '2026-04-13 01:18:34'),
	(733, 733, 'Folder, (White) Short', 'pc', 11.00, 22, 32, '2026-04-13 01:18:34', '2026-04-13 01:18:34'),
	(734, 734, 'Folder, Brown, Long', 'pc', 13.00, 22, 32, '2026-04-13 01:18:34', '2026-04-13 01:18:34'),
	(735, 735, 'Folder, Brown, Short', 'pc', 10.00, 22, 32, '2026-04-13 01:18:34', '2026-04-13 01:18:34'),
	(736, 736, 'Folder, Clipboard, long', 'pc', 164.00, 22, 32, '2026-04-13 01:18:34', '2026-04-13 01:18:34'),
	(737, 737, 'Folder, Clipboard, short', 'pc', 127.00, 22, 32, '2026-04-13 01:18:34', '2026-04-13 01:18:34'),
	(738, 738, 'Folder, Expanded, Purple, A4', 'pc', 28.00, 22, 32, '2026-04-13 01:18:34', '2026-04-13 01:18:34'),
	(739, 739, 'Folder, Expanded, Purple, Long', 'pc', 32.00, 22, 32, '2026-04-13 01:18:34', '2026-04-13 01:18:34'),
	(740, 740, 'Folder, Fancy, for A4 size documents (100pcs per pack)', 'bundle', 377.00, 22, 32, '2026-04-13 01:18:34', '2026-04-13 01:18:34'),
	(741, 741, 'Folder, Fancy, for legal size documents, long (100pcs\nper pack)', 'bundle', 561.00, 22, 32, '2026-04-13 01:18:34', '2026-04-13 01:18:34'),
	(742, 742, 'Folder, White, Short, A4', 'pc', 9.00, 22, 32, '2026-04-13 01:18:34', '2026-04-13 01:18:34'),
	(743, 743, 'Galgo Paper, A4, Light Yellow, 90gms', 'reams', 878.00, 22, 32, '2026-04-13 01:18:34', '2026-04-13 01:18:34'),
	(744, 744, 'Galgo Paper, Long, Light Yellow, 90gms', 'reams', 1086.00, 22, 32, '2026-04-13 01:18:34', '2026-04-13 01:18:34'),
	(745, 745, 'Glossy Photo paper, Sticker', 'pack', 290.00, 22, 32, '2026-04-13 01:18:34', '2026-04-13 01:18:34'),
	(746, 746, 'Glue 130 gms,', 'btl', 94.00, 22, 32, '2026-04-13 01:18:34', '2026-04-13 01:18:34'),
	(747, 747, 'Glue 40 gms,', 'btl', 48.00, 22, 32, '2026-04-13 01:18:34', '2026-04-13 01:18:34'),
	(748, 748, 'Glue Gun Stick, Big', 'pc', 11.00, 22, 32, '2026-04-13 01:18:34', '2026-04-13 01:18:34'),
	(749, 749, 'Glue Gun Stick, Small', 'pc', 8.00, 22, 32, '2026-04-13 01:18:34', '2026-04-13 01:18:34'),
	(750, 750, 'Glue Gun, Big, Heavy Duty', 'unit', 407.00, 22, 32, '2026-04-13 01:18:34', '2026-04-13 01:18:34'),
	(751, 751, 'Glue, All Purpose 200 gms,', 'btl', 99.00, 22, 32, '2026-04-13 01:18:34', '2026-04-13 01:18:34'),
	(752, 752, 'Gun Tucker T30', 'pc', 854.00, 22, 32, '2026-04-13 01:18:34', '2026-04-13 01:18:34'),
	(753, 753, 'Gun Tucker T50', 'pc', 3241.00, 22, 32, '2026-04-13 01:18:34', '2026-04-13 01:18:34'),
	(754, 754, 'Gun Tucker Wire for T30', 'pc', 111.00, 22, 32, '2026-04-13 01:18:34', '2026-04-13 01:18:34'),
	(755, 755, 'Gun Tucker Wire for T50', 'pc', 80.00, 22, 32, '2026-04-13 01:18:34', '2026-04-13 01:18:34'),
	(756, 756, 'Hi Gloss Sticker Paper, 10pcs/pack', 'pack', 85.00, 22, 32, '2026-04-13 01:18:34', '2026-04-13 01:18:34'),
	(757, 757, 'ID double sided , B4 Card Case (6 x 4.25) , (20 pcs)', 'pack', 11.00, 22, 32, '2026-04-13 01:18:34', '2026-04-13 01:18:34'),
	(758, 758, 'ID Holder (4.5" X 3.5") with Strap', 'pc', 43.00, 22, 32, '2026-04-13 01:18:34', '2026-04-13 01:18:34'),
	(759, 759, 'ID Leis', 'pc', 14.00, 22, 32, '2026-04-13 01:18:34', '2026-04-13 01:18:34'),
	(760, 760, 'Illustration Board (1 whole)', 'pc', 462.00, 22, 32, '2026-04-13 01:18:34', '2026-04-13 01:18:34'),
	(761, 761, 'In and Out Tray 2-Layers Steel (Metal Desk Tray)', 'pc', 739.00, 22, 32, '2026-04-13 01:18:34', '2026-04-13 01:18:34'),
	(762, 762, 'In and Out Tray 3 layers Office supplies desk tray/wire mesh four-layer file tray/basket rack multi-layer storage\nbox file holder', 'pc', 550.00, 22, 32, '2026-04-13 01:18:34', '2026-04-13 01:18:34'),
	(763, 763, 'In and Out Tray 3-Layers Steel (Metal Desk Tray)', 'pc', 907.00, 22, 32, '2026-04-13 01:18:34', '2026-04-13 01:18:34'),
	(764, 764, 'Index Card, 3" x 5", ruled both sides, 50\'s/pack', 'pack', 38.00, 22, 32, '2026-04-13 01:18:34', '2026-04-13 01:18:34'),
	(765, 765, 'Index Card, 5" x 8", ruled both sides, 50\'s/pack', 'pack', 60.00, 22, 32, '2026-04-13 01:18:34', '2026-04-13 01:18:34'),
	(766, 766, 'Index Plastic Tabs Stick up "Sign Here" Stickies\n(44x25MM)', 'pack', 77.00, 22, 32, '2026-04-13 01:18:34', '2026-04-13 01:18:34'),
	(767, 767, 'Laminating Film, 250mic, 228x50m', 'pc', 1173.00, 22, 32, '2026-04-13 01:18:34', '2026-04-13 01:18:34'),
	(768, 768, 'Laminating Film, A3', 'roll', 1458.00, 22, 32, '2026-04-13 01:18:34', '2026-04-13 01:18:34'),
	(769, 769, 'Laminating Film, A4', 'roll', 1297.00, 22, 32, '2026-04-13 01:18:34', '2026-04-13 01:18:34'),
	(770, 770, 'Laminating Film, Long', 'roll', 907.00, 22, 32, '2026-04-13 01:18:34', '2026-04-13 01:18:34'),
	(771, 771, 'Magazine File Folder', 'pc', 242.00, 22, 32, '2026-04-13 01:18:34', '2026-04-13 01:18:34'),
	(772, 772, 'Magazine rack, plastic', 'pc', 323.00, 22, 32, '2026-04-13 01:18:34', '2026-04-13 01:18:34'),
	(773, 773, 'Mailing Envelope, Cream, Long, 500\'s', 'box', 406.00, 22, 32, '2026-04-13 01:18:34', '2026-04-13 01:18:34'),
	(774, 774, 'Mailing Envelope, White, Long, 500\'s', 'box', 499.00, 22, 32, '2026-04-13 01:18:34', '2026-04-13 01:18:34'),
	(775, 775, 'Mailing Envelope, White, Short, 500\'s', 'box', 293.00, 22, 32, '2026-04-13 01:18:34', '2026-04-13 01:18:34'),
	(776, 776, 'Mailing Envelope,White, Long, with plastic window, 500s', 'box', 867.00, 22, 32, '2026-04-13 01:18:34', '2026-04-13 01:18:34'),
	(777, 777, 'Manila Paper', 'pc', 20.00, 22, 32, '2026-04-13 01:18:34', '2026-04-13 01:18:34'),
	(778, 778, 'Marker Fluorescent, Highlighter Pen, 3 Asstd Colors per\nset', 'pc', 66.00, 22, 32, '2026-04-13 01:18:34', '2026-04-13 01:18:34'),
	(779, 779, 'Marking Pen Refill Ink, 30ml', 'pc', 219.00, 22, 32, '2026-04-13 01:18:34', '2026-04-13 01:18:34'),
	(780, 780, 'Marking Pen, permanent Broad Tip (Black)', 'pc', 70.00, 22, 32, '2026-04-13 01:18:34', '2026-04-13 01:18:34'),
	(781, 781, 'Marking Pen, Permanent Broad Tip (Blue)', 'pc', 70.00, 22, 32, '2026-04-13 01:18:34', '2026-04-13 01:18:34'),
	(782, 782, 'Marking Pen, Permanent Broad Tip (Red)', 'pc', 70.00, 22, 32, '2026-04-13 01:18:34', '2026-04-13 01:18:34'),
	(783, 783, 'Marking Pen, permanent fine (Black)', 'pc', 70.00, 22, 32, '2026-04-13 01:18:34', '2026-04-13 01:18:34'),
	(784, 784, 'Marking Pen, permanent fine (Blue)', 'pc', 70.00, 22, 32, '2026-04-13 01:18:34', '2026-04-13 01:18:34'),
	(785, 785, 'Marking Pen, permanent fine (Red)', 'pc', 70.00, 22, 32, '2026-04-13 01:18:34', '2026-04-13 01:18:34'),
	(786, 786, 'Marking Pen, whiteboard BLACK', 'pc', 78.00, 22, 32, '2026-04-13 01:18:34', '2026-04-13 01:18:34'),
	(787, 787, 'Marking Pen, whiteboard BLUE', 'pc', 78.00, 22, 32, '2026-04-13 01:18:35', '2026-04-13 01:18:35'),
	(788, 788, 'Marking Pen, whiteboard RED', 'pc', 78.00, 22, 32, '2026-04-13 01:18:35', '2026-04-13 01:18:35'),
	(789, 789, 'Masking Tape 1" (24mm) x 25 yards)', 'roll', 61.00, 22, 32, '2026-04-13 01:18:35', '2026-04-13 01:18:35'),
	(790, 790, 'Masking Tape 1/2" (24mm x 25yards)', 'roll', 29.00, 22, 32, '2026-04-13 01:18:35', '2026-04-13 01:18:35'),
	(791, 791, 'Masking Tape 2" x 25 yards', 'roll', 121.00, 22, 32, '2026-04-13 01:18:35', '2026-04-13 01:18:35'),
	(792, 792, 'Mechanical Pencil 0.5', 'pc', 505.00, 22, 32, '2026-04-13 01:18:35', '2026-04-13 01:18:35'),
	(793, 793, 'Mechanical Pencil Lead 0.5 (10\'s/tube)', 'tube', 152.00, 22, 32, '2026-04-13 01:18:35', '2026-04-13 01:18:35'),
	(794, 794, 'Mimeographing Paper, Long 8½"x13", WW', 'rm', 312.00, 22, 32, '2026-04-13 01:18:35', '2026-04-13 01:18:35'),
	(795, 795, 'Mimeographing Paper, Short 8½"x11", WW', 'rm', 281.00, 22, 32, '2026-04-13 01:18:35', '2026-04-13 01:18:35'),
	(796, 796, 'Note Pad, (3" x 4") (80 leaves/pack)', 'pad', 59.00, 22, 32, '2026-04-13 01:18:35', '2026-04-13 01:18:35'),
	(797, 797, 'Note Pad, stick on, (2" x 3") (80 leaves/pack)', 'pad', 17.00, 22, 32, '2026-04-13 01:18:35', '2026-04-13 01:18:35'),
	(798, 798, 'Note Pad, stick on, 3\' x 5", w/ lines', 'pad', 108.00, 22, 32, '2026-04-13 01:18:35', '2026-04-13 01:18:35'),
	(799, 799, 'Note Pad, stick on, (3" x 3") (80 leaves/pack)', 'pad', 26.00, 22, 32, '2026-04-13 01:18:35', '2026-04-13 01:18:35'),
	(800, 800, 'Note Pad, stick on, 1.5" x 2" (Post It)', 'pad', 23.00, 22, 32, '2026-04-13 01:18:35', '2026-04-13 01:18:35'),
	(801, 801, 'Notebook, 80 Leaves', 'pc', 51.00, 22, 32, '2026-04-13 01:18:35', '2026-04-13 01:18:35'),
	(802, 802, 'Nylon Rope, 20 mtrs', 'pc', 501.00, 22, 32, '2026-04-13 01:18:35', '2026-04-13 01:18:35'),
	(803, 803, 'Official Logbook, 300pp', 'pc', 213.00, 22, 32, '2026-04-13 01:18:35', '2026-04-13 01:18:35'),
	(804, 804, 'Oslo paper, 10 pcs per pack', 'pack', 33.00, 22, 32, '2026-04-13 01:18:35', '2026-04-13 01:18:35'),
	(805, 805, 'Padlock, Heavy Duty, Big', 'pc', 1436.00, 22, 32, '2026-04-13 01:18:35', '2026-04-13 01:18:35'),
	(806, 806, 'Padlock, Heavy Duty, Medium', 'pc', 808.00, 22, 32, '2026-04-13 01:18:35', '2026-04-13 01:18:35'),
	(807, 807, 'Panasonic KX-TS500 MX Telephone', 'pc', 990.00, 22, 32, '2026-04-13 01:18:35', '2026-04-13 01:18:35'),
	(808, 808, 'Paper Clamp bullclip Small 7/8" (22mm), 6pcs/pack', 'pack', 36.00, 22, 32, '2026-04-13 01:18:35', '2026-04-13 01:18:35'),
	(809, 809, 'Paper Clamp bullclip, Big 1 1/2", 6 pcs/pack', 'pack', 90.00, 22, 32, '2026-04-13 01:18:35', '2026-04-13 01:18:35'),
	(810, 810, 'Paper Clamp bullclip, Medium 1 1/4", 6pcs/ pack', 'pack', 57.00, 22, 32, '2026-04-13 01:18:35', '2026-04-13 01:18:35'),
	(811, 811, 'Paper Clip, gem type, 33mm 100\'s/box', 'box', 47.00, 22, 32, '2026-04-13 01:18:35', '2026-04-13 01:18:35'),
	(812, 812, 'Paper Clip, gem type, jumbo, 48mm 100\'s/box', 'box', 53.00, 22, 32, '2026-04-13 01:18:35', '2026-04-13 01:18:35'),
	(813, 813, 'Paper Cutter w/ Board 10"x12", Heavy Duty', 'unit', 2372.00, 22, 32, '2026-04-13 01:18:35', '2026-04-13 01:18:35'),
	(814, 814, 'Pencil #1, 12 pcs / box', 'box', 206.00, 22, 32, '2026-04-13 01:18:35', '2026-04-13 01:18:35'),
	(815, 815, 'Pencil #2, 12 pcs / box', 'box', 206.00, 22, 32, '2026-04-13 01:18:35', '2026-04-13 01:18:35'),
	(816, 816, 'Pencil Sharpener, Heavy Duty,Single cutter', 'pc', 620.00, 22, 32, '2026-04-13 01:18:35', '2026-04-13 01:18:35'),
	(817, 817, 'Permanent Marker, Violet (PPA 18)', 'pc', 52.00, 22, 32, '2026-04-13 01:18:35', '2026-04-13 01:18:35'),
	(818, 818, 'Photo glossy sticker paper', 'pck', 209.00, 22, 32, '2026-04-13 01:18:35', '2026-04-13 01:18:35'),
	(819, 819, 'Photo Paper, Glossy, A4 /10\'s', 'pack', 167.00, 22, 32, '2026-04-13 01:18:35', '2026-04-13 01:18:35'),
	(820, 820, 'Photo Paper, Glossy, Sticker A4 /20\'s, 135 gsm', 'pack', 320.00, 22, 32, '2026-04-13 01:18:35', '2026-04-13 01:18:35'),
	(821, 821, 'Picture Frame, 8"x11"', 'pc', 258.00, 22, 32, '2026-04-13 01:18:35', '2026-04-13 01:18:35'),
	(822, 822, 'Picture Frame, 8"x13"', 'pc', 319.00, 22, 32, '2026-04-13 01:18:35', '2026-04-13 01:18:35'),
	(823, 823, 'Plain PVC cards (250 pcs/box)', 'box', 1898.00, 22, 32, '2026-04-13 01:18:35', '2026-04-13 01:18:35'),
	(824, 824, 'Plain Shiny 15mm Thick ID Lace Sling Holder Lanyards', 'pc', 17.00, 22, 32, '2026-04-13 01:18:35', '2026-04-13 01:18:35'),
	(825, 825, 'Plastic Envelope with Handle', 'pc', 127.00, 22, 32, '2026-04-13 01:18:35', '2026-04-13 01:18:35'),
	(826, 826, 'Plastic Folder Jacket', 'pc', 24.00, 22, 32, '2026-04-13 01:18:35', '2026-04-13 01:18:35'),
	(827, 827, 'Plastic Insert Sheet Fillers A4, 100 pcs', 'pack', 413.00, 22, 32, '2026-04-13 01:18:35', '2026-04-13 01:18:35'),
	(828, 828, 'Plastic Insert Sheet Fillers Long, 100 pcs', 'pack', 413.00, 22, 32, '2026-04-13 01:18:35', '2026-04-13 01:18:35'),
	(829, 829, 'Plastic Insert Sheet Fillers,', 'pc', 264.00, 22, 32, '2026-04-13 01:18:35', '2026-04-13 01:18:35'),
	(830, 830, 'Plastic straw, twine', 'roll', 148.00, 22, 32, '2026-04-13 01:18:35', '2026-04-13 01:18:35'),
	(831, 831, 'Poster Paint, 12 colors', 'pack', 190.00, 22, 32, '2026-04-13 01:18:35', '2026-04-13 01:18:35'),
	(832, 832, 'Puncher Heavy Duty w/ Automatic Centering Guide\n(75XL)', 'pc', 1073.00, 22, 32, '2026-04-13 01:18:35', '2026-04-13 01:18:35'),
	(833, 833, 'Push Pin, hammerhead type, 100\'s/box', 'box', 49.00, 22, 32, '2026-04-13 01:18:35', '2026-04-13 01:18:35'),
	(834, 834, 'PVC Cover, A4100\'s/pack', 'pack', 1908.00, 22, 32, '2026-04-13 01:18:35', '2026-04-13 01:18:35'),
	(835, 835, 'PVC Cover, Long 100\'s/pack', 'pack', 1990.00, 22, 32, '2026-04-13 01:18:35', '2026-04-13 01:18:35'),
	(836, 836, 'Record Book, 150 Pages', 'pc', 88.00, 22, 32, '2026-04-13 01:18:35', '2026-04-13 01:18:35'),
	(837, 837, 'Record Book, 300 Pages', 'pc', 116.00, 22, 32, '2026-04-13 01:18:35', '2026-04-13 01:18:35'),
	(838, 838, 'Record Book, 500 Pages', 'pc', 139.00, 22, 32, '2026-04-13 01:18:35', '2026-04-13 01:18:35'),
	(839, 839, 'Report Book, Size: A4 8.27" x 11.69" Finish 16.54 xx 11.69; Paper Thickness: C2S 80#; Binding: Soft Bound; Finish: Matte Lamination (Cover only); Type of Printing: High Resolution; 56 pages', 'pc', 201.00, 22, 32, '2026-04-13 01:18:35', '2026-04-13 01:18:35'),
	(840, 840, 'Report Book, Size: A4 8.27" x 11.69" Finish 16.54 xx 11.69; Paper Thickness: C2S 80#; Binding: Soft Bound; Finish: Matte Lamination (Cover only); Type of Printing: High Resolution; 72 pages', 'pc', 242.00, 22, 32, '2026-04-13 01:18:35', '2026-04-13 01:18:35'),
	(841, 841, 'Ring Binder, 1"', 'pc', 44.00, 22, 32, '2026-04-13 01:18:35', '2026-04-13 01:18:35'),
	(842, 842, 'Ring Binder, 1/2"', 'pc', 23.00, 22, 32, '2026-04-13 01:18:35', '2026-04-13 01:18:35'),
	(843, 843, 'Ring Binder, 1/4"', 'pc', 13.00, 22, 32, '2026-04-13 01:18:35', '2026-04-13 01:18:35'),
	(844, 844, 'Ring Binder, 1½"', 'pc', 61.00, 22, 32, '2026-04-13 01:18:35', '2026-04-13 01:18:35'),
	(845, 845, 'Ring Binder, 2"', 'pc', 83.00, 22, 32, '2026-04-13 01:18:35', '2026-04-13 01:18:35'),
	(846, 846, 'Ring Binder, 3/4"', 'pc', 30.00, 22, 32, '2026-04-13 01:18:35', '2026-04-13 01:18:35'),
	(847, 847, 'Rollerball pen, refill, blue, fine, 10g', 'pc', 298.00, 22, 32, '2026-04-13 01:18:35', '2026-04-13 01:18:35'),
	(848, 848, 'Rollerball pen, Vector Standard, stainless steel trim', 'pc', 1029.00, 22, 32, '2026-04-13 01:18:35', '2026-04-13 01:18:35'),
	(849, 849, 'Rubber Band, #18, transparent, 400g, 70mm minlay flat length', 'pc', 336.00, 22, 32, '2026-04-13 01:18:35', '2026-04-13 01:18:35'),
	(850, 850, 'Rubber Band, Small', 'pc', 32.00, 22, 32, '2026-04-13 01:18:35', '2026-04-13 01:18:35'),
	(851, 851, 'Rubber Self-inking Date Stamp', 'pc', 1098.00, 22, 32, '2026-04-13 01:18:35', '2026-04-13 01:18:35'),
	(852, 852, 'Ruler 12", Plastic', 'pc', 18.00, 22, 32, '2026-04-13 01:18:35', '2026-04-13 01:18:35'),
	(853, 853, 'Ruler 12", Stainless', 'pc', 126.00, 22, 32, '2026-04-13 01:18:35', '2026-04-13 01:18:35'),
	(854, 854, 'Ruler 24", Metal', 'pc', 241.00, 22, 32, '2026-04-13 01:18:35', '2026-04-13 01:18:35'),
	(855, 855, 'Safety Pin, silver (1"), 1000s/box', 'box', 225.00, 22, 32, '2026-04-13 01:18:35', '2026-04-13 01:18:35'),
	(856, 856, 'Scissor, big 7" stainless, with plastic handle, heavy duty', 'pc', 195.00, 22, 32, '2026-04-13 01:18:35', '2026-04-13 01:18:35'),
	(857, 857, 'Scissor, small stainless with plastic handle', 'pc', 61.00, 22, 32, '2026-04-13 01:18:35', '2026-04-13 01:18:35'),
	(858, 858, 'Self-Inking Dater, Mini, 3mm', 'pc', 1320.00, 22, 32, '2026-04-13 01:18:35', '2026-04-13 01:18:35'),
	(859, 859, 'Sheet Protector w/ 11 holes, plastic Long, 100 pcs', 'box', 373.00, 22, 32, '2026-04-13 01:18:35', '2026-04-13 01:18:35'),
	(860, 860, 'Sign Pen (Black) Hi-Techpoint V10 Grip', 'pc', 117.00, 22, 32, '2026-04-13 01:18:35', '2026-04-13 01:18:35'),
	(861, 861, 'Sign Pen (Black) Hi-techpoint V5', 'pc', 104.00, 22, 32, '2026-04-13 01:18:35', '2026-04-13 01:18:35'),
	(862, 862, 'Sign Pen (Black) Hi-techpoint V7', 'pc', 103.00, 22, 32, '2026-04-13 01:18:35', '2026-04-13 01:18:35'),
	(863, 863, 'Sign Pen (Blue) Hi-Techpoint V10 Grip', 'pc', 117.00, 22, 32, '2026-04-13 01:18:35', '2026-04-13 01:18:35'),
	(864, 864, 'Sign Pen (Blue) Hi-techpoint V5', 'pc', 104.00, 22, 32, '2026-04-13 01:18:35', '2026-04-13 01:18:35'),
	(865, 865, 'Sign Pen (Blue) Hi-techpoint V7', 'pc', 103.00, 22, 32, '2026-04-13 01:18:35', '2026-04-13 01:18:35'),
	(866, 866, 'Sign Pen 0.8, Pigment Ink (Black)', 'pc', 86.00, 22, 32, '2026-04-13 01:18:35', '2026-04-13 01:18:35'),
	(867, 867, 'Sign Pen 0.8, Pigment Ink (Blue)', 'pc', 86.00, 22, 32, '2026-04-13 01:18:35', '2026-04-13 01:18:35'),
	(868, 868, 'Sign Pen G-tech C4, Black', 'pc', 116.00, 22, 32, '2026-04-13 01:18:35', '2026-04-13 01:18:35'),
	(869, 869, 'Sign Pen G-tech C4, Blue', 'pc', 116.00, 22, 32, '2026-04-13 01:18:35', '2026-04-13 01:18:35'),
	(870, 870, 'Sign Pen G-tech C4, Green', 'pc', 124.00, 22, 32, '2026-04-13 01:18:35', '2026-04-13 01:18:35'),
	(871, 871, 'Sign Pen G-tech C4, Red', 'pc', 124.00, 22, 32, '2026-04-13 01:18:35', '2026-04-13 01:18:35'),
	(872, 872, 'Sign Pen Gel Type 0.7 (Black)', 'pc', 121.00, 22, 32, '2026-04-13 01:18:35', '2026-04-13 01:18:35'),
	(873, 873, 'Sign Pen Gel Type 0.5 (Black)', 'pc', 121.00, 22, 32, '2026-04-13 01:18:35', '2026-04-13 01:18:35'),
	(874, 874, 'Sign Pen Gel Type 0.5 (Blue)', 'pc', 121.00, 22, 32, '2026-04-13 01:18:35', '2026-04-13 01:18:35'),
	(875, 875, 'Sign Pen Gel Type 0.5 (Green)', 'pc', 121.00, 22, 32, '2026-04-13 01:18:35', '2026-04-13 01:18:35'),
	(876, 876, 'Sign Pen Gel Type 0.5 (Red)', 'pc', 121.00, 22, 32, '2026-04-13 01:18:35', '2026-04-13 01:18:35'),
	(877, 877, 'Sign Pen Gel Type 0.5 (Violet)', 'pc', 121.00, 22, 32, '2026-04-13 01:18:35', '2026-04-13 01:18:35'),
	(878, 878, 'Sign Pen Gel Type 0.7 (Blue)', 'pc', 121.00, 22, 32, '2026-04-13 01:18:35', '2026-04-13 01:18:35'),
	(879, 879, 'Sign Pen Retactable(Blue) G-2, 0.7', 'pc', 111.00, 22, 32, '2026-04-13 01:18:35', '2026-04-13 01:18:35'),
	(880, 880, 'Sign Pen Retractable (Black) G-2, 0.7', 'pc', 116.00, 22, 32, '2026-04-13 01:18:35', '2026-04-13 01:18:35'),
	(881, 881, 'Sign Pen Retractable(Blue) G-2, 0.5', 'pc', 101.00, 22, 32, '2026-04-13 01:18:35', '2026-04-13 01:18:35'),
	(882, 882, 'Sign Pen, Gel Type 0.7, (Green)', 'pc', 86.00, 22, 32, '2026-04-13 01:18:35', '2026-04-13 01:18:35'),
	(883, 883, 'Sign Pen, Gel Type, 0.7, (Red)', 'pc', 121.00, 22, 32, '2026-04-13 01:18:35', '2026-04-13 01:18:35'),
	(884, 884, 'Sign Pen, Roller Ball (Refill), Medium (Blue)', 'pc', 75.00, 22, 32, '2026-04-13 01:18:35', '2026-04-13 01:18:35'),
	(885, 885, 'Sign Pen, Roller Ball, Medium, Black', 'pc', 86.00, 22, 32, '2026-04-13 01:18:35', '2026-04-13 01:18:35'),
	(886, 886, 'Sign Pen, Roller Ball, Medium, Blue', 'pc', 85.00, 22, 32, '2026-04-13 01:18:35', '2026-04-13 01:18:35'),
	(887, 887, 'Silk/Satin Ribbon 1", Purple', 'roll', 242.00, 22, 32, '2026-04-13 01:18:35', '2026-04-13 01:18:35'),
	(888, 888, 'Silk/Satin Ribbon 1", Royal Blue', 'roll', 227.00, 22, 32, '2026-04-13 01:18:35', '2026-04-13 01:18:35'),
	(889, 889, 'Silk/Satin Ribbon 2", Purple', 'roll', 279.00, 22, 32, '2026-04-13 01:18:35', '2026-04-13 01:18:35'),
	(890, 890, 'Silk/Satin Ribbon 2", Royal Blue', 'roll', 312.00, 22, 32, '2026-04-13 01:18:35', '2026-04-13 01:18:35'),
	(891, 891, 'Specialty Paper, Pale Cream,90 gsm/10 sheets, Long', 'pack', 83.00, 22, 32, '2026-04-13 01:18:35', '2026-04-13 01:18:35'),
	(892, 892, 'Specialty Paper, Pale Cream,90 gsm/10 sheets, A4', 'pack', 77.00, 22, 32, '2026-04-13 01:18:35', '2026-04-13 01:18:35'),
	(893, 893, 'Stamp Pad Ink, 30ml (Black)', 'btl', 84.00, 22, 32, '2026-04-13 01:18:35', '2026-04-13 01:18:35'),
	(894, 894, 'Stamp Pad Ink, 473ml (Violet)', 'btl', 212.00, 22, 32, '2026-04-13 01:18:35', '2026-04-13 01:18:35'),
	(895, 895, 'Stamp pad ink,50ml (Violet)', 'btl', 135.00, 22, 32, '2026-04-13 01:18:35', '2026-04-13 01:18:35'),
	(896, 896, 'Stamp Pad w/ Ink Big #2', 'pc', 64.00, 22, 32, '2026-04-13 01:18:35', '2026-04-13 01:18:35'),
	(897, 897, 'Stamp Pad w/ Ink Small #00', 'pc', 231.00, 22, 32, '2026-04-13 01:18:35', '2026-04-13 01:18:35'),
	(898, 898, 'Staple Wire #1', 'box', 53.00, 22, 32, '2026-04-13 01:18:35', '2026-04-13 01:18:35'),
	(899, 899, 'Staple Wire #10/1000\'s', 'box', 120.00, 22, 32, '2026-04-13 01:18:35', '2026-04-13 01:18:35'),
	(900, 900, 'Staple Wire Remover Twin Jaws', 'pc', 143.00, 22, 32, '2026-04-13 01:18:35', '2026-04-13 01:18:35'),
	(901, 901, 'Staple Wire, standard, #35, 5000\'s/box', 'box', 336.00, 22, 32, '2026-04-13 01:18:35', '2026-04-13 01:18:35'),
	(902, 902, 'Stapler #10', 'pc', 1320.00, 22, 32, '2026-04-13 01:18:35', '2026-04-13 01:18:35'),
	(903, 903, 'Stapler #35, Heavy Duty, Big', 'pc', 995.00, 22, 32, '2026-04-13 01:18:35', '2026-04-13 01:18:35'),
	(904, 904, 'Stapler #35, with Staple Remover', 'pc', 176.00, 22, 32, '2026-04-13 01:18:35', '2026-04-13 01:18:35'),
	(905, 905, 'Steel Rack (4-5 layers) Heavy Duty', 'unit', 17050.00, 22, 32, '2026-04-13 01:18:35', '2026-04-13 01:18:35'),
	(906, 906, 'Steno Notebook, 60lvs', 'pc', 35.00, 22, 32, '2026-04-13 01:18:35', '2026-04-13 01:18:35'),
	(907, 907, 'Sticker Paper, A4 , White, 10 sheets', 'pack', 57.00, 22, 32, '2026-04-13 01:18:35', '2026-04-13 01:18:35'),
	(908, 908, 'Sticker Paper, Long, White, 10 sheets', 'pack', 58.00, 22, 32, '2026-04-13 01:18:35', '2026-04-13 01:18:35'),
	(909, 909, 'Sticker Paper, Matte Finish, a4', 'pack', 94.00, 22, 32, '2026-04-13 01:18:35', '2026-04-13 01:18:35'),
	(910, 910, 'Sticker Soft Flocked Velvet Felt Fabric 40cm*145cm', 'pcs', 480.00, 22, 32, '2026-04-13 01:18:35', '2026-04-13 01:18:35'),
	(911, 911, 'Sticky Post-it Mini "Sign Here" 5 colors (45x12mm)', 'pack', 83.00, 22, 32, '2026-04-13 01:18:35', '2026-04-13 01:18:35'),
	(912, 912, 'Styrofoam ½" x 2\' x 4\'', 'pc', 98.00, 22, 32, '2026-04-13 01:18:35', '2026-04-13 01:18:35'),
	(913, 913, 'Switching Power Supply 24V 2.5A', 'pc', 263.00, 22, 32, '2026-04-13 01:18:35', '2026-04-13 01:18:35'),
	(914, 914, 'Tabbing Letter Index Tabs, assorted color', 'box', 104.00, 22, 32, '2026-04-13 01:18:35', '2026-04-13 01:18:35'),
	(915, 915, 'Table Nameplate Acrylic', 'pc', 11.00, 22, 32, '2026-04-13 01:18:35', '2026-04-13 01:18:35'),
	(916, 916, 'Table Nameplate, 7x25cm, Acrylic, 2-side', 'pcs', 36.00, 22, 32, '2026-04-13 01:18:35', '2026-04-13 01:18:35'),
	(917, 917, 'Tape Dispenser, heavy duty, for 24mm (1")', 'pcs', 124.00, 22, 32, '2026-04-13 01:18:35', '2026-04-13 01:18:35'),
	(918, 918, 'Tape Dispenser, heavy duty, for 24mm(1")', 'pc', 31.00, 22, 32, '2026-04-13 01:18:35', '2026-04-13 01:18:35'),
	(919, 919, 'Tape, packaging, 48mm, (2")', 'roll', 76.00, 22, 32, '2026-04-13 01:18:35', '2026-04-13 01:18:35'),
	(920, 920, 'Tape, Transparent ½" x 25 yards', 'roll', 44.00, 22, 32, '2026-04-13 01:18:35', '2026-04-13 01:18:35'),
	(921, 921, 'Tape, transparent, (1"), 24mm', 'roll', 44.00, 22, 32, '2026-04-13 01:18:35', '2026-04-13 01:18:35'),
	(922, 922, 'Tape, transparent, (2"), 24mm', 'roll', 44.00, 22, 32, '2026-04-13 01:18:35', '2026-04-13 01:18:35'),
	(923, 923, 'Thumb Tacks, 100\'s/box', 'box', 44.00, 22, 32, '2026-04-13 01:18:35', '2026-04-13 01:18:35'),
	(924, 924, 'Uni PIN Fine Liner .7 (blue)', 'pc', 44.00, 22, 32, '2026-04-13 01:18:35', '2026-04-13 01:18:35'),
	(925, 925, 'Valiant Vellum Board, 180 gsm 22"x28" - Blue', 'sheet', 44.00, 22, 32, '2026-04-13 01:18:35', '2026-04-13 01:18:35'),
	(926, 926, 'Valiant Vellum Board, 180 gsm 22"x28" - Green', 'sheet', 44.00, 22, 32, '2026-04-13 01:18:35', '2026-04-13 01:18:35'),
	(927, 927, 'Valiant Vellum Board, 180 gsm 22"x28" - L.Blue', 'sheet', 1325.00, 22, 32, '2026-04-13 01:18:35', '2026-04-13 01:18:35'),
	(928, 928, 'Valiant Vellum Board, 180 gsm 22"x28" - Orange', 'sheet', 6331.00, 22, 32, '2026-04-13 01:18:35', '2026-04-13 01:18:35'),
	(929, 929, 'Valiant Vellum Board, 180 gsm 22"x28" - Pink', 'sheet', 13271.00, 22, 32, '2026-04-13 01:18:35', '2026-04-13 01:18:35'),
	(930, 930, 'Valiant Vellum Board, 180 gsm 22"x28" - Red', 'sheet', 94.00, 22, 32, '2026-04-13 01:18:35', '2026-04-13 01:18:35'),
	(931, 931, 'Valiant Vellum Board, 180 gsm 22"x28" - Yellow', 'sheet', 147.00, 22, 32, '2026-04-13 01:18:35', '2026-04-13 01:18:35'),
	(932, 932, 'Wall Clock 12"', 'unit', 680.00, 22, 32, '2026-04-13 01:18:35', '2026-04-13 01:18:35'),
	(933, 933, 'Whiteboard 2\' x 3\'', 'pc', 875.00, 22, 32, '2026-04-13 01:18:35', '2026-04-13 01:18:35'),
	(934, 934, 'Whiteboard 4\' x 6\'', 'pc', 1086.00, 22, 32, '2026-04-13 01:18:35', '2026-04-13 01:18:35'),
	(935, 935, 'Whiteboard 2\' x 3\', with Aluminum Stand', 'pc', 2959.00, 22, 32, '2026-04-13 01:18:35', '2026-04-13 01:18:35'),
	(936, 936, 'Whiteboard 4\' x 6\', with Aluminum Stand', 'pc', 5445.00, 22, 32, '2026-04-13 01:18:35', '2026-04-13 01:18:35'),
	(937, 937, 'Yellow Ruled Pads', 'pad', 88.00, 22, 32, '2026-04-13 01:18:35', '2026-04-13 01:18:35'),
	(938, 938, 'Postage Stamps @ 1.00', 'pc', 1.00, 23, 50, '2026-04-13 01:18:35', '2026-04-13 01:18:35'),
	(939, 939, 'Postage Stamps @ 3.00', 'pc', 4.00, 23, 50, '2026-04-13 01:18:35', '2026-04-13 01:18:35'),
	(940, 940, 'Postage Stamps @ 5.00', 'pc', 6.00, 23, 50, '2026-04-13 01:18:35', '2026-04-13 01:18:35'),
	(941, 941, 'Postage Stamps @ 7.00', 'pc', 9.00, 23, 50, '2026-04-13 01:18:35', '2026-04-13 01:18:35'),
	(942, 942, 'Postage Stamps @ 10.00', 'pc', 13.00, 23, 50, '2026-04-13 01:18:35', '2026-04-13 01:18:35'),
	(943, 943, 'Postage Stamps @ 12.00', 'pc', 15.00, 23, 50, '2026-04-13 01:18:35', '2026-04-13 01:18:35'),
	(944, 944, 'Postage Stamps @ 14.00', 'pc', 18.00, 23, 50, '2026-04-13 01:18:35', '2026-04-13 01:18:35'),
	(945, 945, 'Postage Stamps @ 17.00', 'pc', 22.00, 23, 50, '2026-04-13 01:18:35', '2026-04-13 01:18:35'),
	(946, 946, 'Postage Stamps @ 20.00', 'pc', 25.00, 23, 50, '2026-04-13 01:18:35', '2026-04-13 01:18:35'),
	(947, 947, 'Postage Stamps @ 35.00', 'pc', 44.00, 23, 50, '2026-04-13 01:18:35', '2026-04-13 01:18:35'),
	(948, 948, 'Postage Stamps @ 40.00', 'pc', 51.00, 23, 50, '2026-04-13 01:18:35', '2026-04-13 01:18:35'),
	(949, 949, 'Postage Stamps @ 55.00', 'pc', 70.00, 23, 50, '2026-04-13 01:18:35', '2026-04-13 01:18:35'),
	(950, 950, 'Tarpaulin', 'sq. ft.', 22.00, 24, 94, '2026-04-13 01:18:35', '2026-04-13 01:18:35'),
	(951, 951, 'Printing and Binding - 200 pages mininmum', 'bklts', 3200.00, 24, 94, '2026-04-13 01:18:35', '2026-04-13 01:18:35'),
	(952, 952, 'Printing and Binding - 50 pages minimum', 'bklts', 1670.00, 24, 94, '2026-04-13 01:18:35', '2026-04-13 01:18:35'),
	(953, 953, 'Special Snack (2 viands; sandwhich/burger, spaghetti/pancit/shanghai/chicken/siopao and juice/soft drinks in can)', 'pax', 350.00, 25, 95, '2026-04-13 01:18:35', '2026-04-13 01:18:35'),
	(954, 954, 'Special Meal (3 viands, rice, bottled water, juice/soft drinks in can, dessert)', 'pax', 633.00, 25, 95, '2026-04-13 01:18:35', '2026-04-13 01:18:35'),
	(955, 955, 'Standard Snacks (Sandwich/Bread and juice/soft drinks)', 'pax', 83.00, 26, 95, '2026-04-13 01:18:35', '2026-04-13 01:18:35'),
	(956, 956, 'Standard Meal (2 viands, rice and bottled water)', 'pax', 172.00, 26, 95, '2026-04-13 01:18:35', '2026-04-13 01:18:35'),
	(957, 957, 'Heavy Snacks (1 viand pack: sandwich/burger, pancit/spaghetti/siopao and juice/ soft drinks in can)', 'pax', 172.00, 26, 95, '2026-04-13 01:18:35', '2026-04-13 01:18:35'),
	(958, 958, 'Medal, gold-plated, 2", personalized', 'pc', 649.00, 27, 47, '2026-04-13 01:18:35', '2026-04-13 01:18:35'),
	(959, 959, 'Medal, silver-plated, 2", personalized', 'pc', 644.00, 27, 47, '2026-04-13 01:18:35', '2026-04-13 01:18:35'),
	(960, 960, 'Medal, bronze-plated, 2", personalized', 'pc', 644.00, 27, 47, '2026-04-13 01:18:35', '2026-04-13 01:18:35'),
	(961, 961, 'Trophies, small, glass/ acryllic', 'pc', 1002.00, 27, 47, '2026-04-13 01:18:35', '2026-04-13 01:18:35'),
	(962, 962, 'Trophies, medium, glass/ acryllic', 'pc', 1186.00, 27, 47, '2026-04-13 01:18:35', '2026-04-13 01:18:35'),
	(963, 963, 'Trophies, large, glass/acryllic', 'pc', 1340.00, 27, 47, '2026-04-13 01:18:35', '2026-04-13 01:18:35'),
	(964, 964, 'Trophies, small, wood', 'pc', 2610.00, 27, 47, '2026-04-13 01:18:35', '2026-04-13 01:18:35'),
	(965, 965, 'Trophies, medium, wood', 'pc', 3717.00, 27, 47, '2026-04-13 01:18:35', '2026-04-13 01:18:35'),
	(966, 966, 'Trophies, large, wood', 'pc', 5111.00, 27, 47, '2026-04-13 01:18:35', '2026-04-13 01:18:35'),
	(967, 967, 'Plaque, Glass', 'pc', 3071.00, 27, 47, '2026-04-13 01:18:35', '2026-04-13 01:18:35'),
	(968, 968, 'Plaque, Wood', 'pc', 4334.00, 27, 47, '2026-04-13 01:18:35', '2026-04-13 01:18:35'),
	(969, 969, 'Badminton Set, 2 players, with Shuttlecock', 'set', 1426.00, 28, 47, '2026-04-13 01:18:35', '2026-04-13 01:18:35'),
	(970, 970, 'Basketball Ball, High Quality', 'pc', 4799.00, 28, 47, '2026-04-13 01:18:35', '2026-04-13 01:18:35'),
	(971, 971, 'Basketball Ball, Standard', 'pc', 1243.00, 28, 47, '2026-04-13 01:18:35', '2026-04-13 01:18:35'),
	(972, 972, 'Basketball Ring Net, High Quality', 'pc', 469.00, 28, 47, '2026-04-13 01:18:35', '2026-04-13 01:18:35'),
	(973, 973, 'Sepak Takraw, Ball and Net, Tournament Size', 'set', 2675.00, 28, 47, '2026-04-13 01:18:35', '2026-04-13 01:18:35'),
	(974, 974, 'Volleyball Ball, High Quality', 'pc', 5119.00, 28, 47, '2026-04-13 01:18:35', '2026-04-13 01:18:35'),
	(975, 975, 'Volleyball Ball, Standard', 'pc', 1181.00, 28, 47, '2026-04-13 01:18:35', '2026-04-13 01:18:35'),
	(976, 976, 'Volleyball Net, High Quality', 'pc', 1708.00, 28, 47, '2026-04-13 01:18:35', '2026-04-13 01:18:35'),
	(977, 977, 'Paper Bag, Medium with print', 'pc', 109.00, 29, 47, '2026-04-13 01:18:35', '2026-04-13 01:18:35'),
	(978, 978, 'Paper Bag, Large with print', 'pc', 121.00, 29, 47, '2026-04-13 01:18:35', '2026-04-13 01:18:35'),
	(979, 979, 'Token, VIP 1, ELYU Products*', 'pc', 1500.00, 29, 47, '2026-04-13 01:18:35', '2026-04-13 01:18:35'),
	(980, 980, 'Token, VIP 2, ELYU Products*', 'pc', 2000.00, 29, 47, '2026-04-13 01:18:36', '2026-04-13 01:18:36'),
	(981, 981, 'Token, VIP 3, ELYU Products*', 'pc', 5000.00, 29, 47, '2026-04-13 01:18:36', '2026-04-13 01:18:36'),
	(982, 982, 'Baby Oil, 50ml', 'btl', 64.00, 30, 37, '2026-04-13 01:18:36', '2026-04-13 01:18:36'),
	(983, 983, 'Baby Powder, 50g', 'btl', 46.00, 30, 37, '2026-04-13 01:18:36', '2026-04-13 01:18:36'),
	(984, 984, 'Bath Soap, 60g', 'pc', 37.00, 30, 37, '2026-04-13 01:18:36', '2026-04-13 01:18:36'),
	(985, 985, 'Bath Towel, 27"X 54", Adult, Cotton, High Quality', 'pc', 37.00, 30, 37, '2026-04-13 01:18:36', '2026-04-13 01:18:36'),
	(986, 986, 'Brief, Male, 3-in-1 pack, Free Size', 'pack', 430.00, 30, 37, '2026-04-13 01:18:36', '2026-04-13 01:18:36'),
	(987, 987, 'Clothes Clip, 24 pcs/pack, heavy duty', 'pack', 72.00, 30, 37, '2026-04-13 01:18:36', '2026-04-13 01:18:36'),
	(988, 988, 'Cotton buds, 100s/pack', 'pack', 76.00, 30, 37, '2026-04-13 01:18:36', '2026-04-13 01:18:36'),
	(989, 989, 'Diaper, Adult, Extra Large, 10pcs/ pack', 'pack', 446.00, 30, 37, '2026-04-13 01:18:36', '2026-04-13 01:18:36'),
	(990, 990, 'Diaper, Adult, Large, 10pcs/ pack', 'pack', 407.00, 30, 37, '2026-04-13 01:18:36', '2026-04-13 01:18:36'),
	(991, 991, 'Diaper, Adult, Small, 10pcs/ pack', 'pack', 374.00, 30, 37, '2026-04-13 01:18:36', '2026-04-13 01:18:36'),
	(992, 992, 'Face/Hand Towel, cotton', 'pc', 20.00, 30, 37, '2026-04-13 01:18:36', '2026-04-13 01:18:36'),
	(993, 993, 'Hanger, 12 pcs/pack, heavy duty', 'pack', 107.00, 30, 37, '2026-04-13 01:18:36', '2026-04-13 01:18:36'),
	(994, 994, 'Laundry Basin, Plastic, Big, 18"', 'pc', 186.00, 30, 37, '2026-04-13 01:18:36', '2026-04-13 01:18:36'),
	(995, 995, 'Nail Cutter, Big', 'pc', 100.00, 30, 37, '2026-04-13 01:18:36', '2026-04-13 01:18:36'),
	(996, 996, 'Panty, Free Size', 'pc', 76.00, 30, 37, '2026-04-13 01:18:36', '2026-04-13 01:18:36'),
	(997, 997, 'Sando Shirt, Cotton, Free Size', 'pc', 122.00, 30, 37, '2026-04-13 01:18:36', '2026-04-13 01:18:36'),
	(998, 998, 'Sando Shirt, Dri-fit, Free Size', 'pc', 149.00, 30, 37, '2026-04-13 01:18:36', '2026-04-13 01:18:36'),
	(999, 999, 'Shampoo, Hair, 180ml', 'btl', 194.00, 30, 37, '2026-04-13 01:18:36', '2026-04-13 01:18:36'),
	(1000, 1000, 'Short pants, Cotton, Free Size', 'pc', 125.00, 30, 37, '2026-04-13 01:18:36', '2026-04-13 01:18:36'),
	(1001, 1001, 'Sleeping Attire (terno - pajama and t shirt), Cotton, Free Size', 'set', 342.00, 30, 37, '2026-04-13 01:18:36', '2026-04-13 01:18:36'),
	(1002, 1002, 'Slippers, Free Size', 'pair', 139.00, 30, 37, '2026-04-13 01:18:36', '2026-04-13 01:18:36'),
	(1003, 1003, 'T-shirt and Shorts, Jersey for sports,Free Size', 'pc', 1034.00, 30, 37, '2026-04-13 01:18:36', '2026-04-13 01:18:36'),
	(1004, 1004, 'T-shirt, Cotton, Round neck, Free Size', 'pc', 202.00, 30, 37, '2026-04-13 01:18:36', '2026-04-13 01:18:36'),
	(1005, 1005, 'T-shirt, Cotton, V-neck, Free Size', 'pc', 264.00, 30, 37, '2026-04-13 01:18:36', '2026-04-13 01:18:36'),
	(1006, 1006, 'T-shirt, Cotton, with collar, Free Size', 'pc', 369.00, 30, 37, '2026-04-13 01:18:36', '2026-04-13 01:18:36'),
	(1007, 1007, 'T-shirt, Dri-fit, Round neck, Free Size', 'pc', 231.00, 30, 37, '2026-04-13 01:18:36', '2026-04-13 01:18:36'),
	(1008, 1008, 'T-shirt, Dri-fit, with collar, Free Size', 'pc', 380.00, 30, 37, '2026-04-13 01:18:36', '2026-04-13 01:18:36'),
	(1009, 1009, 'Toothbrush,', 'pc', 42.00, 30, 37, '2026-04-13 01:18:36', '2026-04-13 01:18:36'),
	(1010, 1010, 'Toothpaste, 120ml', 'tube', 165.00, 30, 37, '2026-04-13 01:18:36', '2026-04-13 01:18:36'),
	(1011, 1011, 'Slim Mini PC (NUC) Next Unit of Computing', 'unit', 53350.00, 31, 123, '2026-04-13 01:18:36', '2026-04-13 01:18:36'),
	(1012, 1012, 'Power User Desktop Workstation', 'unit', 99950.00, 31, 123, '2026-04-13 01:18:36', '2026-04-13 01:18:36'),
	(1013, 1013, 'Mid Range Laptop', 'unit', 71500.00, 31, 123, '2026-04-13 01:18:36', '2026-04-13 01:18:36'),
	(1014, 1014, 'Power User Laptop', 'unit', 99950.00, 31, 123, '2026-04-13 01:18:36', '2026-04-13 01:18:36'),
	(1015, 1015, 'EPSON L15150 A3 WI-FI DUPLEX ALL-IN-ONE INK TANK PRINTER', 'unit', 71500.00, 31, 123, '2026-04-13 01:18:36', '2026-04-13 01:18:36'),
	(1016, 1016, 'EPSON EB-FH52 V11H978052', 'unit', 66000.00, 31, 123, '2026-04-13 01:18:36', '2026-04-13 01:18:36'),
	(1017, 1017, 'EPSON EpiqVision Mini EF-11 LASER PROJECTION TV V11HA23052', 'unit', 67100.00, 31, 123, '2026-04-13 01:18:36', '2026-04-13 01:18:36'),
	(1018, 1018, 'MAINTENANCE BOX FOR EPSON L6290', 'pc', 700.00, 31, 32, '2026-04-13 01:18:36', '2026-04-13 01:18:36'),
	(1019, 1019, 'Cordless Impact drill with spare battery', 'unit', 5220.00, 31, 45, '2026-04-13 01:18:36', '2026-04-13 01:18:36'),
	(1020, 1020, 'Electric air compressor, portable, 2HP', 'unit', 23600.00, 31, 45, '2026-04-13 01:18:36', '2026-04-13 01:18:36'),
	(1021, 1021, 'Electric circular saw, 1,400 watts', 'unit', 6440.00, 31, 45, '2026-04-13 01:18:36', '2026-04-13 01:18:36'),
	(1022, 1022, 'Electric planer, 650 watts', 'unit', 5250.00, 31, 45, '2026-04-13 01:18:36', '2026-04-13 01:18:36'),
	(1023, 1023, 'Heatgun, 2,000 watts', 'unit', 5399.00, 31, 45, '2026-04-13 01:18:36', '2026-04-13 01:18:36'),
	(1024, 1024, '2-Way Radio Dual Band VHF-UHF SET OF 8', 'unit', 11488.00, 31, 45, '2026-04-13 01:18:36', '2026-04-13 01:18:36'),
	(1025, 1025, '21" MONITOR, Full HD monitor w/ 1 x HDMI 1.4 Port, 1 x VGA Port', 'unit', 15098.00, 31, 45, '2026-04-13 01:18:36', '2026-04-13 01:18:36'),
	(1026, 1026, '28-inch, 4K UHD (3840 x 2160) resolution Monitor', 'unit', 23320.00, 31, 45, '2026-04-13 01:18:36', '2026-04-13 01:18:36'),
	(1027, 1027, 'Active Speaker System', 'unit', 23018.00, 31, 45, '2026-04-13 01:18:36', '2026-04-13 01:18:36'),
	(1028, 1028, 'AP U7 Pro Unifi Wireless 7', 'unit', 16566.00, 31, 45, '2026-04-13 01:18:36', '2026-04-13 01:18:36'),
	(1029, 1029, 'Dual Wireless UHF Mic; Dynamic capsule; Rechargeable Li-Ion Battery; Fixed FrequencyAB/CD/EF', 'unit', 9749.00, 31, 45, '2026-04-13 01:18:36', '2026-04-13 01:18:36'),
	(1030, 1030, 'Epson Wi-Fi All in One Ink Tank Printer', 'unit', 17944.00, 31, 45, '2026-04-13 01:18:36', '2026-04-13 01:18:36'),
	(1031, 1031, 'Expansion Desktop Storage Drive', 'unit', 23513.00, 31, 45, '2026-04-13 01:18:36', '2026-04-13 01:18:36'),
	(1032, 1032, 'IPS Monitor, 24 inch', 'unit', 5706.00, 31, 45, '2026-04-13 01:18:36', '2026-04-13 01:18:36'),
	(1033, 1033, 'IPS Monitor, 27 inch', 'unit', 8359.00, 31, 45, '2026-04-13 01:18:36', '2026-04-13 01:18:36'),
	(1034, 1034, 'Network Attached Storage (NAS) 4-Bay', 'unit', 45320.00, 31, 45, '2026-04-13 01:18:36', '2026-04-13 01:18:36'),
	(1035, 1035, 'Portable Active Speaker, 480watts, Trolley Wheel with Handle, Dual Wireless Mic, Rechargeable Battery, 12V/ 220V', 'unit', 18424.00, 31, 45, '2026-04-13 01:18:36', '2026-04-13 01:18:36'),
	(1036, 1036, 'Portable powerstation 240Wh', 'unit', 27940.00, 31, 45, '2026-04-13 01:18:36', '2026-04-13 01:18:36'),
	(1037, 1037, 'Solidcom C1 Wireless Headset Intercom System Full Duplex 1000ft Team Communication Single-Ear Headset', 'set', 30775.00, 31, 45, '2026-04-13 01:18:36', '2026-04-13 01:18:36'),
	(1038, 1038, 'Industrial Rotary hammer, 1500 watts, Heavy Duty', 'set', 11110.00, 31, 45, '2026-04-13 01:18:36', '2026-04-13 01:18:36'),
	(1039, 1039, 'Ladder, A-Type, 7ft', 'unit', 12788.00, 31, 45, '2026-04-13 01:18:36', '2026-04-13 01:18:36'),
	(1040, 1040, 'Ladder, Extendable (Fiber Glass), 24ft', 'unit', 30913.00, 31, 45, '2026-04-13 01:18:36', '2026-04-13 01:18:36'),
	(1041, 1041, 'Cordless Vacuum', 'pc', 5720.00, 31, 45, '2026-04-13 01:18:36', '2026-04-13 01:18:36'),
	(1042, 1042, 'Wet and Dry Vacuum', 'pc', 9350.00, 31, 45, '2026-04-13 01:18:36', '2026-04-13 01:18:36'),
	(1043, 1043, 'Grass cutter - 4 stroke', 'unit', 19195.00, 31, 45, '2026-04-13 01:18:36', '2026-04-13 01:18:36'),
	(1044, 1044, 'Standard Laptop', 'unit', 48620.00, 31, 45, '2026-04-13 01:18:36', '2026-04-13 01:18:36'),
	(1045, 1045, 'EPSON L3250 INKJET PRINTER', 'unit', 16500.00, 31, 45, '2026-04-13 01:18:36', '2026-04-13 01:18:36'),
	(1046, 1046, 'EPSON L6290 A4 WI-FI DUPLEX ALL-IN-ONE INK TANK PRINTER WITH ADF', 'unit', 27500.00, 31, 45, '2026-04-13 01:18:36', '2026-04-13 01:18:36'),
	(1047, 1047, 'EPSON LQ-310 IMPACT PRINTER (DOT MATRIX)', 'unit', 18700.00, 31, 45, '2026-04-13 01:18:36', '2026-04-13 01:18:36'),
	(1048, 1048, 'EPSON FX-2175II IMPACT PRINTER (DOT MATRIX)', 'unit', 34200.00, 31, 45, '2026-04-13 01:18:36', '2026-04-13 01:18:36'),
	(1049, 1049, 'EPSON EB-X51 XGA 3LCD PROJECTOR', 'unit', 40150.00, 31, 45, '2026-04-13 01:18:36', '2026-04-13 01:18:36');

-- Dumping structure for table leap_db.ppmp_summaries
CREATE TABLE IF NOT EXISTS `ppmp_summaries` (
  `id` bigint(20) unsigned NOT NULL AUTO_INCREMENT,
  `created_at` timestamp NULL DEFAULT NULL,
  `updated_at` timestamp NULL DEFAULT NULL,
  PRIMARY KEY (`id`)
) ENGINE=InnoDB DEFAULT CHARSET=utf8mb4 COLLATE=utf8mb4_unicode_ci;

-- Dumping data for table leap_db.ppmp_summaries: ~0 rows (approximately)

-- Dumping structure for table leap_db.ppmps
CREATE TABLE IF NOT EXISTS `ppmps` (
  `id` bigint(20) unsigned NOT NULL AUTO_INCREMENT,
  `aip_entry_id` bigint(20) unsigned NOT NULL,
  `ppmp_price_list_id` bigint(20) unsigned DEFAULT NULL,
  `funding_source_id` bigint(20) unsigned NOT NULL,
  `jan_qty` decimal(19,2) NOT NULL DEFAULT 0.00,
  `jan_amount` decimal(15,2) NOT NULL DEFAULT 0.00,
  `feb_qty` decimal(19,2) NOT NULL DEFAULT 0.00,
  `feb_amount` decimal(15,2) NOT NULL DEFAULT 0.00,
  `mar_qty` decimal(19,2) NOT NULL DEFAULT 0.00,
  `mar_amount` decimal(15,2) NOT NULL DEFAULT 0.00,
  `apr_qty` decimal(19,2) NOT NULL DEFAULT 0.00,
  `apr_amount` decimal(15,2) NOT NULL DEFAULT 0.00,
  `may_qty` decimal(19,2) NOT NULL DEFAULT 0.00,
  `may_amount` decimal(15,2) NOT NULL DEFAULT 0.00,
  `jun_qty` decimal(19,2) NOT NULL DEFAULT 0.00,
  `jun_amount` decimal(15,2) NOT NULL DEFAULT 0.00,
  `jul_qty` decimal(19,2) NOT NULL DEFAULT 0.00,
  `jul_amount` decimal(15,2) NOT NULL DEFAULT 0.00,
  `aug_qty` decimal(19,2) NOT NULL DEFAULT 0.00,
  `aug_amount` decimal(15,2) NOT NULL DEFAULT 0.00,
  `sep_qty` decimal(19,2) NOT NULL DEFAULT 0.00,
  `sep_amount` decimal(15,2) NOT NULL DEFAULT 0.00,
  `oct_qty` decimal(19,2) NOT NULL DEFAULT 0.00,
  `oct_amount` decimal(15,2) NOT NULL DEFAULT 0.00,
  `nov_qty` decimal(19,2) NOT NULL DEFAULT 0.00,
  `nov_amount` decimal(15,2) NOT NULL DEFAULT 0.00,
  `dec_qty` decimal(19,2) NOT NULL DEFAULT 0.00,
  `dec_amount` decimal(15,2) NOT NULL DEFAULT 0.00,
  `created_at` timestamp NULL DEFAULT NULL,
  `updated_at` timestamp NULL DEFAULT NULL,
  PRIMARY KEY (`id`),
  UNIQUE KEY `ppmps_aip_entry_id_ppmp_price_list_id_funding_source_id_unique` (`aip_entry_id`,`ppmp_price_list_id`,`funding_source_id`),
  KEY `ppmps_ppmp_price_list_id_foreign` (`ppmp_price_list_id`),
  KEY `ppmps_funding_source_id_foreign` (`funding_source_id`),
  CONSTRAINT `ppmps_aip_entry_id_foreign` FOREIGN KEY (`aip_entry_id`) REFERENCES `aip_entries` (`id`),
  CONSTRAINT `ppmps_funding_source_id_foreign` FOREIGN KEY (`funding_source_id`) REFERENCES `funding_sources` (`id`),
  CONSTRAINT `ppmps_ppmp_price_list_id_foreign` FOREIGN KEY (`ppmp_price_list_id`) REFERENCES `ppmp_price_lists` (`id`)
) ENGINE=InnoDB AUTO_INCREMENT=11 DEFAULT CHARSET=utf8mb4 COLLATE=utf8mb4_unicode_ci;

-- Dumping data for table leap_db.ppmps: ~10 rows (approximately)
INSERT INTO `ppmps` (`id`, `aip_entry_id`, `ppmp_price_list_id`, `funding_source_id`, `jan_qty`, `jan_amount`, `feb_qty`, `feb_amount`, `mar_qty`, `mar_amount`, `apr_qty`, `apr_amount`, `may_qty`, `may_amount`, `jun_qty`, `jun_amount`, `jul_qty`, `jul_amount`, `aug_qty`, `aug_amount`, `sep_qty`, `sep_amount`, `oct_qty`, `oct_amount`, `nov_qty`, `nov_amount`, `dec_qty`, `dec_amount`, `created_at`, `updated_at`) VALUES
	(1, 1, 1, 1, 1.00, 148.00, 1.00, 148.00, 1.00, 148.00, 1.00, 148.00, 1.00, 148.00, 1.00, 148.00, 1.00, 148.00, 1.00, 148.00, 1.00, 148.00, 1.00, 148.00, 0.00, 0.00, 0.00, 0.00, '2026-04-13 01:18:36', '2026-04-13 01:18:36'),
	(2, 1, 2, 1, 2.00, 506.00, 2.00, 506.00, 2.00, 506.00, 2.00, 506.00, 2.00, 506.00, 2.00, 506.00, 2.00, 506.00, 2.00, 506.00, 1.00, 253.00, 1.00, 253.00, 1.00, 253.00, 1.00, 253.00, '2026-04-13 01:18:36', '2026-04-13 01:18:36'),
	(3, 1, 3, 1, 3.00, 669.00, 3.00, 669.00, 3.00, 669.00, 3.00, 669.00, 3.00, 669.00, 3.00, 669.00, 2.00, 446.00, 2.00, 446.00, 2.00, 446.00, 2.00, 446.00, 2.00, 446.00, 2.00, 446.00, '2026-04-13 01:18:36', '2026-04-13 01:18:36'),
	(4, 1, 4, 1, 4.00, 1212.00, 4.00, 1212.00, 4.00, 1212.00, 4.00, 1212.00, 3.00, 909.00, 3.00, 909.00, 3.00, 909.00, 3.00, 909.00, 3.00, 909.00, 3.00, 909.00, 3.00, 909.00, 3.00, 909.00, '2026-04-13 01:18:36', '2026-04-13 01:18:36'),
	(5, 1, 5, 1, 5.00, 1500.00, 5.00, 1500.00, 4.00, 1200.00, 4.00, 1200.00, 4.00, 1200.00, 4.00, 1200.00, 4.00, 1200.00, 4.00, 1200.00, 4.00, 1200.00, 4.00, 1200.00, 4.00, 1200.00, 4.00, 1200.00, '2026-04-13 01:18:36', '2026-04-13 01:18:36'),
	(6, 1, 6, 1, 5.00, 740.00, 5.00, 740.00, 5.00, 740.00, 5.00, 740.00, 5.00, 740.00, 5.00, 740.00, 5.00, 740.00, 5.00, 740.00, 5.00, 740.00, 5.00, 740.00, 5.00, 740.00, 5.00, 740.00, '2026-04-13 01:18:36', '2026-04-13 01:18:36'),
	(7, 1, 7, 1, 6.00, 840.00, 6.00, 840.00, 6.00, 840.00, 6.00, 840.00, 6.00, 840.00, 6.00, 840.00, 6.00, 840.00, 6.00, 840.00, 6.00, 840.00, 6.00, 840.00, 5.00, 700.00, 5.00, 700.00, '2026-04-13 01:18:36', '2026-04-13 01:18:36'),
	(8, 1, 8, 1, 7.00, 308.00, 7.00, 308.00, 7.00, 308.00, 7.00, 308.00, 7.00, 308.00, 7.00, 308.00, 7.00, 308.00, 7.00, 308.00, 6.00, 264.00, 6.00, 264.00, 6.00, 264.00, 6.00, 264.00, '2026-04-13 01:18:36', '2026-04-13 01:18:36'),
	(9, 1, 9, 1, 8.00, 984.00, 8.00, 984.00, 8.00, 984.00, 8.00, 984.00, 8.00, 984.00, 8.00, 984.00, 7.00, 861.00, 7.00, 861.00, 7.00, 861.00, 7.00, 861.00, 7.00, 861.00, 7.00, 861.00, '2026-04-13 01:18:36', '2026-04-13 01:18:36'),
	(10, 1, 10, 1, 9.00, 1296.00, 9.00, 1296.00, 9.00, 1296.00, 9.00, 1296.00, 8.00, 1152.00, 8.00, 1152.00, 8.00, 1152.00, 8.00, 1152.00, 8.00, 1152.00, 8.00, 1152.00, 8.00, 1152.00, 8.00, 1152.00, '2026-04-13 01:18:36', '2026-04-13 01:18:36');

-- Dumping structure for table leap_db.sectors
CREATE TABLE IF NOT EXISTS `sectors` (
  `id` bigint(20) unsigned NOT NULL AUTO_INCREMENT,
  `code` varchar(4) NOT NULL,
  `name` varchar(255) NOT NULL,
  `created_at` timestamp NULL DEFAULT NULL,
  `updated_at` timestamp NULL DEFAULT NULL,
  PRIMARY KEY (`id`),
  UNIQUE KEY `sectors_code_unique` (`code`)
) ENGINE=InnoDB AUTO_INCREMENT=5 DEFAULT CHARSET=utf8mb4 COLLATE=utf8mb4_unicode_ci;

-- Dumping data for table leap_db.sectors: ~4 rows (approximately)
INSERT INTO `sectors` (`id`, `code`, `name`, `created_at`, `updated_at`) VALUES
	(1, '1000', 'General Public Services Sector', '2026-04-13 01:18:28', '2026-04-13 01:18:28'),
	(2, '3000', 'Social Services Sector', '2026-04-13 01:18:28', '2026-04-13 01:18:28'),
	(3, '8000', 'Economic Services Sector', '2026-04-13 01:18:28', '2026-04-13 01:18:28'),
	(4, '9000', 'Other Services', '2026-04-13 01:18:28', '2026-04-13 01:18:28');

-- Dumping structure for table leap_db.sessions
CREATE TABLE IF NOT EXISTS `sessions` (
  `id` varchar(255) NOT NULL,
  `user_id` bigint(20) unsigned DEFAULT NULL,
  `ip_address` varchar(45) DEFAULT NULL,
  `user_agent` text DEFAULT NULL,
  `payload` longtext NOT NULL,
  `last_activity` int(11) NOT NULL,
  PRIMARY KEY (`id`),
  KEY `sessions_user_id_index` (`user_id`),
  KEY `sessions_last_activity_index` (`last_activity`)
) ENGINE=InnoDB DEFAULT CHARSET=utf8mb4 COLLATE=utf8mb4_unicode_ci;

-- Dumping data for table leap_db.sessions: ~0 rows (approximately)

-- Dumping structure for table leap_db.users
CREATE TABLE IF NOT EXISTS `users` (
  `id` bigint(20) unsigned NOT NULL AUTO_INCREMENT,
  `name` varchar(255) NOT NULL,
  `email` varchar(255) NOT NULL,
  `email_verified_at` timestamp NULL DEFAULT NULL,
  `password` varchar(255) NOT NULL,
  `two_factor_secret` text DEFAULT NULL,
  `two_factor_recovery_codes` text DEFAULT NULL,
  `two_factor_confirmed_at` timestamp NULL DEFAULT NULL,
  `status` varchar(255) NOT NULL DEFAULT 'pending',
  `role` varchar(255) NOT NULL DEFAULT 'user',
  `remember_token` varchar(100) DEFAULT NULL,
  `created_at` timestamp NULL DEFAULT NULL,
  `updated_at` timestamp NULL DEFAULT NULL,
  `office_id` bigint(20) unsigned DEFAULT NULL,
  PRIMARY KEY (`id`),
  UNIQUE KEY `users_email_unique` (`email`),
  KEY `users_office_id_foreign` (`office_id`),
  CONSTRAINT `users_office_id_foreign` FOREIGN KEY (`office_id`) REFERENCES `offices` (`id`) ON DELETE CASCADE
) ENGINE=InnoDB AUTO_INCREMENT=6 DEFAULT CHARSET=utf8mb4 COLLATE=utf8mb4_unicode_ci;

-- Dumping data for table leap_db.users: ~5 rows (approximately)
INSERT INTO `users` (`id`, `name`, `email`, `email_verified_at`, `password`, `two_factor_secret`, `two_factor_recovery_codes`, `two_factor_confirmed_at`, `status`, `role`, `remember_token`, `created_at`, `updated_at`, `office_id`) VALUES
	(1, 'Test User', 'test@example.com', '2026-04-13 01:18:27', '$2y$12$m81.cZ.Dni02/3UvR5.X0./DVd3pYBF0WG49.IfGhOS3ElP.4KnyS', NULL, NULL, NULL, 'pending', 'user', NULL, '2026-04-13 01:18:27', '2026-04-13 01:18:27', NULL),
	(2, 'Admin', 'admin@mail.com', NULL, '$2y$12$wXZUjv3iedAJ7H5HnrI7H.tOaD/Q6ks.Mi.xCsZAvrslmDsRqeEhq', NULL, NULL, NULL, 'active', 'admin', NULL, '2026-04-13 01:18:28', '2026-04-13 01:18:28', NULL),
	(3, 'OPG', 'opg@mail.com', '2026-04-13 01:18:28', '$2y$12$7nrfuNSLDYzi6lKgSkgex.mI6G9lCjpoki4La3GT7iGf53LdTZb6i', NULL, NULL, NULL, 'pending', 'user', NULL, '2026-04-13 01:18:28', '2026-04-13 01:18:28', 1),
	(4, 'BACSU', 'bacsu@mail.com', '2026-04-13 01:18:28', '$2y$12$xs21.jbsWroJSwiQbxbkt.5A5WUEHw2lGTxETrujUOaYOACBslYIS', NULL, NULL, NULL, 'pending', 'user', NULL, '2026-04-13 01:18:28', '2026-04-13 01:18:28', 2),
	(5, 'PICTO', 'picto@mail.com', '2026-04-13 01:18:28', '$2y$12$TS4yDywSrmOgpgJ10YfKtukMlHavaLWOe5D6Qb7B2NxmvwcLaTaja', NULL, NULL, NULL, 'pending', 'user', NULL, '2026-04-13 01:18:28', '2026-04-13 01:18:28', 18);

/*!40103 SET TIME_ZONE=IFNULL(@OLD_TIME_ZONE, 'system') */;
/*!40101 SET SQL_MODE=IFNULL(@OLD_SQL_MODE, '') */;
/*!40014 SET FOREIGN_KEY_CHECKS=IFNULL(@OLD_FOREIGN_KEY_CHECKS, 1) */;
/*!40101 SET CHARACTER_SET_CLIENT=@OLD_CHARACTER_SET_CLIENT */;
/*!40111 SET SQL_NOTES=IFNULL(@OLD_SQL_NOTES, 1) */;
